BGtoBG_PP,BGtoVM1S1_PP,BGtoDM1S1_PP,BGtoV1_PP,BGtoU1_PP,VM1S1toBG_PP,VM1S1toVM1S1_PP,DM1S1toBG_PP,DM1S1toDM1S1_PP,V1toBG_PP,V1toV1_PP,U1toBG_PP,U1toU1_PP
0.999999937322394,0.89197703499262,0.574672492561208,0.814175612774765,0.81642298662765,0.721543268708245,0.9999998592438,0.807225746141199,0.999999954878946,0.745940105080338,0.999999942368387,0.771521140870649,0.999999985774296
0.999999969424815,0.620741906610341,0.536635035324688,0.703051589935841,0.62971234393011,0.767738002809541,0.999999918496951,0.752957332154723,0.999999971358227,0.734264451446378,0.999999939235675,0.703693055126613,0.999999953963119
0.999999959270729,0.554759495820767,0.643012727129961,0.633471750617517,0.607529879196255,0.718284869093475,0.999999984759374,0.756432654892133,0.999999781416072,0.684641656343643,0.999999984951358,0.733064276770027,0.999999942153308
0.866656788011092,1,0.999985446241679,1,0.999999999999959,0.996588045074047,0.999999087902825,0.765784881166913,0.999985989986671,0.602833954814564,0.999968708511299,0.822103089929338,0.999946370273803
0.999879611278964,0.999999999999989,0.999998723736983,0.999712049672862,0.999999999999992,0.993517163794504,0.999998688435132,0.999999867089414,0.782140612600941,0.997458634309331,0.999999962622631,0.999316693310146,0.99999698765775
0.999999999148203,0.587899271299062,0.873179686104191,0.963660766744151,0.731292960675068,0.994498177581348,0.999999771965676,0.903960498555364,0.996358437962158,0.807249781441707,0.999999999893443,0.961254626884342,0.999999999905528
0.999999966487644,0.588230144652779,0.662448156364127,0.544873499397725,0.620963655576465,0.575390185208095,0.999999885573717,0.715103756732644,0.999999940263384,0.689550961655977,0.999999946073372,0.649976942066372,0.999999984538269
0.999999969468461,0.6283807772289,0.680086380410163,0.659816231541584,0.688339854105275,0.694023889139658,0.999999979275691,0.641558201982026,0.999999704992845,0.675686167210723,0.999999976647883,0.671167287322189,0.999999948203329
0.999999942154791,0.650226726578041,0.633412614632675,0.656023911664416,0.641303897879072,0.66531018964183,0.999999966673728,0.624737458670948,0.999999963728041,0.60076392577656,0.999999965598552,0.666628035048789,0.999999965796559
0.999999924530158,0.551203385161597,0.733721651915586,0.831497989562082,0.507214020492105,0.718298587920927,0.999999987314804,0.79674430322533,0.999999888830094,0.805635236956975,0.999999812791277,0.720360573415204,0.999999988092542
0.999999991085455,0.5300592767478,0.689907595879534,0.754513682888668,0.549303316603337,0.756959292166275,0.99999999676274,0.867474892666552,0.999999979155321,0.904014529137896,0.999898300625274,0.716968471467077,0.999999992981384
0.999999539095276,0.86393902959672,0.960910471896738,0.726756912533749,0.658407929363132,0.980359606144652,0.999999523323798,0.832586491358753,0.999996175476277,0.714113715503382,0.999999982724739,0.853554786987083,0.999999862308255
0.999999915605826,0.570217123193129,0.6580493844874,0.596664541581695,0.572620021478513,0.704296219238888,0.999999959127673,0.771839609109104,0.999999955841319,0.605563515360936,0.999999337554634,0.683277950839541,0.999999982375642
0.818507622705433,0.999999998260654,0.999999999778018,0.999999892594009,0.999999999999998,0.999977418171855,0.999999999999983,1,0.99987151238761,0.719148410519487,1,0.876294994439647,0.999999999999989
0.999999932087252,0.579055234979718,0.570897373636724,0.50293521913931,0.714783682835082,0.692395404657713,0.999999944842572,0.744878277463185,0.999999946299712,0.697833301011021,0.999999952022756,0.58905845530673,0.999999979240308
0.998680919875986,0.999386956956696,0.999976465521393,0.890553670309626,0.99999497740327,0.992378348406398,0.99999993081792,0.999999996734956,0.993031302763161,0.672113601187261,0.99999999997269,0.999962807590112,0.999991089827469
0.999999981489199,0.626781443026074,0.560088450405488,0.778822546842635,0.719656138363953,0.504000728097772,0.999999988039667,0.531688078285695,0.999996552337561,0.526346302308162,0.999999992295889,0.52228005722716,0.99999994773933
0.999999944848721,0.892140617195811,0.94659638354101,0.893143720036903,0.615962788956485,0.640237361491873,0.999980717082296,0.600109625075872,0.999999997290358,0.52740102282628,0.999999996667481,0.876950544794777,0.999668074218211
0.826018645131977,1,0.999993286490668,0.999999999997293,0.999999999999988,0.823925306356139,0.999999999776271,0.667863182454288,0.999999873969463,0.999999999999999,0.999717770497746,0.98408231866232,0.997855395635366
0.999999937584392,0.533206252666238,0.618320036338828,0.620045307173567,0.52490559168344,0.716981124518228,0.999999956836563,0.685333747660721,0.999999966982036,0.617543030040042,0.999999935726066,0.747417096994989,0.999999972767627
0.999990792036051,0.783798709500129,0.668028156714616,0.583970226912246,0.905809368177905,0.651572708058867,0.999999990189908,0.834191525501076,0.999999895066354,0.899573202161755,0.999999947776438,0.601368700541374,0.999999978627175
0.983710265632924,1,0.99999999999792,1,1,0.968095251905648,1,0.945768571454528,0.99999999981774,0.999999999293977,0.993105424659742,1,1
0.999999075551827,0.913591176485198,0.534090474554457,0.645783967926745,0.779825923985347,0.596699750104235,0.999999959869124,0.589589487765585,0.999999774078929,0.526440467357951,0.999999986942457,0.619524371700264,0.999999994103908
0.999999956966513,0.594340737641565,0.655055436813566,0.696741173827686,0.612844948162606,0.687174050581963,0.999999975972094,0.690780023784434,0.999999966197676,0.681688123838385,0.999999926186742,0.691940769201118,0.999999960966567
0.999999605019362,0.594828211952348,0.559203191648068,0.592493333955304,0.671720461054671,0.665964356019495,0.999999982203903,0.628616029327627,0.999999981293809,0.82707635265479,0.999999948110161,0.786117832762729,0.999999967558967
0.99999979954707,0.57694085677065,0.912260882825935,0.536191211761734,0.526287838892346,0.673580403102033,0.999999978500074,0.652773435696136,0.999999651637929,0.610677517973756,0.999999993554602,0.949645702927245,0.999999547580791
0.999999967302164,0.947556992055404,0.621264081868652,0.558804790632006,0.962437948263181,0.755316041471488,0.999999573629192,0.719813614313491,0.999999989909467,0.976869311446365,0.999999783239495,0.766069569191957,0.99999901902745
0.652712226611102,0.999998453018793,0.890956299583819,0.999457567312138,0.999905332758247,0.999924627648808,0.998449096238987,0.791820448361973,0.999999998887468,0.998229846468145,0.99999860148799,0.947077192955832,0.999985483723269
0.999999953375977,0.50241997724482,0.806764505625815,0.749427531973482,0.538709249113727,0.833514619320257,0.999999991624891,0.941323760626838,0.999996996107532,0.871359527061236,0.999999847700979,0.849131808287421,0.999999994478799
0.999999942963576,0.779419898307698,0.585799699365564,0.807155019015025,0.697151892088426,0.639466614740868,0.999999982127324,0.504274795677999,0.999999907500138,0.616611266186423,0.999999827121293,0.663343794634212,0.999999976336708
0.99999993483814,0.614673419030363,0.689719869651898,0.637287873822021,0.594792963399339,0.620479853523714,0.999999957160544,0.574939572284302,0.999999967151653,0.635637764956831,0.999999961869489,0.613378186868322,0.999999972044743
0.999999953296051,0.618433858361704,0.628942519536855,0.66525707251098,0.624313082590623,0.652541030762314,0.999999967773103,0.644557733414361,0.99999995744206,0.627076013513495,0.999999964861631,0.643468932808676,0.999999968010022
0.999999953517034,0.639200127369238,0.645882562364001,0.63744281148145,0.642955424509036,0.681257807581983,0.9999999684276,0.678313658868004,0.999999955472217,0.663247786581127,0.999999967451138,0.671172184747404,0.999999964218668
0.99999995974836,0.707086741897408,0.580552718628136,0.663064571367774,0.664634333817393,0.717085526129193,0.999999948340039,0.736401061925819,0.999999980918257,0.593729315030747,0.999999927841319,0.754935403557605,0.999999958060388
0.989923898200407,0.947240083632353,1,0.999979214397827,0.999999999999494,1,0.62948956485998,0.999999999908465,0.999998217417698,0.870462069947908,1,0.888278965847831,0.999999999999995
0.999999991282727,0.779991100006268,0.566661132445291,0.626445285947598,0.558412637250786,0.546276706269961,0.99999999673596,0.528486260469732,0.999999977595346,0.741485942339668,0.999776274191769,0.566304563340517,0.999999984902947
0.999999940619001,0.644577186696258,0.648429936995536,0.652846519504543,0.642449484405578,0.624970950234107,0.999999968984785,0.610647861339421,0.999999969947237,0.615769323141801,0.999999965034626,0.624916030923797,0.999999968493885
0.981884069939417,0.833737377624184,0.999999926571733,1,0.999999999972445,0.999999968275385,0.699720683269856,0.803738395399096,0.999994375371805,0.752227710757297,0.99261482663324,0.524176542611869,0.999978043883936
0.999999679874389,0.666620768516085,0.724882668096648,0.67608770597783,0.690844977407649,0.699631973963882,0.999999969645476,0.547091840677394,0.999999966794006,0.628943251003167,0.999999978334392,0.60334492030871,0.999999982295557
0.999794046054276,0.999498986372995,0.999999999997086,0.999999991456335,0.764014504450977,0.840866358228109,0.999999985424773,0.998707016325366,0.999849950064246,0.818329495712239,0.837175098572269,0.999999974877459,0.852094096784409
0.999996616677106,0.811519866262842,0.530527028966178,0.970659577239215,0.719946207852187,0.858644305141711,0.999999979144475,0.578816664356656,0.999999991633762,0.666135320169788,0.999999570164934,0.929323655986294,0.999999936725962
0.999999926623344,0.847530343612837,0.525930097297218,0.565787316537614,0.651864310062994,0.581185895029937,0.999999982270083,0.583694461999032,0.999999933143087,0.566554098641021,0.999999962062529,0.5381617634028,0.9999999340156
0.942507090892184,0.696098426739652,0.947757453990906,0.91315424069953,0.92957468003134,0.883196749034773,0.9999999984909,0.948715457059923,0.999985802232603,0.538561324210971,0.999999999343629,0.960626039907636,0.999999971703623
0.627868674383868,1,1,1,0.99999999999994,1,1,0.99999974449903,0.977444270455503,0.998002074742837,0.767033081891964,0.801404470064083,0.972707047020323
0.999999959875743,0.541833557724281,0.53636130240609,0.507328573105754,0.570535551928884,0.597413061448727,0.999999957250427,0.710326878060693,0.999999948707935,0.695154375787229,0.99999994076022,0.63645239426855,0.999999979211071
0.996580067293381,0.999977343945186,0.99999999720449,0.64459051496993,0.999985616164432,0.735385475278659,0.999999987646912,0.798503897384201,0.9999999768802,0.99987812481358,0.999993079433538,0.746686281719637,0.999999986595346
0.999999878733204,0.646013330976019,0.626750633864026,0.837991435762797,0.576809076245693,0.629926481465421,0.999999979756129,0.564424615604112,0.999999955761239,0.57659480976679,0.999999937889257,0.541331983155084,0.999999972756751
0.99999932313868,0.780673980704207,0.669459067008705,0.715998208309118,0.731115391810983,0.518060113111287,0.999999962211963,0.595591037373308,0.99999998461886,0.679725998552918,0.999999946022172,0.792335652074754,0.999999986257788
0.999999985633214,0.844331830948026,0.909684571545228,0.811617014645615,0.635892520137879,0.562641584219567,0.999999957574956,0.834704875726584,0.999888959646379,0.813815242326956,0.999999937694934,0.588999720865544,0.999999994944446
0.999999774637909,0.629733233989321,0.555724476521407,0.889376406026999,0.784752021382042,0.886645817918233,0.999999922990634,0.80080409832949,0.999999979362327,0.667326024241673,0.999998582308686,0.700197755969582,0.999999966483354
0.999999120277126,0.960433574905397,0.946139357351681,0.996033585434849,0.98588839782982,0.966471117737271,0.999765634945834,0.623034499803261,0.999994309449488,0.970066218884376,0.999999948788934,0.80526543863206,0.999999981945826
0.999999952324336,0.680487974067529,0.571625700120031,0.742015692210478,0.583616907065448,0.747561285570678,0.999999947268207,0.697545531456329,0.999999969662202,0.683873453552328,0.999999946787907,0.681268728566231,0.999999969217935
0.999999961486115,0.651522136518445,0.620963690979497,0.655286570143335,0.710414722636666,0.704293763633929,0.999999984329485,0.699670760473713,0.999999984751447,0.657055498657206,0.999997369068873,0.682280199604054,0.999999980526295
0.953828965545809,1,1,1,0.999999999944464,1,0.999779655231421,1,1,0.999234061172743,0.99902242646399,0.830695885760812,0.950788811991341
0.999999998073864,0.65772801945821,0.571490603872538,0.605778577055446,0.710158386839376,0.670447778812398,0.999999998471495,0.795502661001731,0.999999980111207,0.758631402783483,0.985663487947122,0.665595218249711,0.999999998202496
0.999997328343611,0.718706782403081,0.914577519150191,0.999999935012499,0.874530789413508,0.749733951394208,0.999999999774679,0.999867089269477,0.976999868604342,0.977364941227746,0.999982187306903,0.558629475759318,0.999999999503834
0.788158190972521,0.997313613483003,0.995780695383881,0.999948503831131,0.991190727613949,0.588357582236193,0.999999999702396,0.678101038746182,0.99999996953276,0.996327096495099,0.999999795163568,0.98323342244298,0.999442128089513
0.999999940366074,0.693790939402148,0.697218593808016,0.675895784915608,0.645174853820326,0.561719449618438,0.999999966305884,0.561319921895575,0.999999965657847,0.526020717621061,0.999999968231081,0.558084551161809,0.999999963889828
0.999999948153362,0.638201747798024,0.61663386897038,0.707847850108768,0.627672982687943,0.640512278508968,0.99999997064917,0.610933915356247,0.999999968629899,0.647285544596579,0.999999941893323,0.651285176604731,0.999999965560107
0.999999950826199,0.637316167849792,0.675743602045512,0.693038511966603,0.665848091389177,0.565090614099195,0.999999975333617,0.610053619765059,0.999999975622032,0.52266171246229,0.999999856876703,0.559535946065404,0.999999975963716
0.99999982682881,0.667128169889648,0.631107243199484,0.610962296569977,0.579637073253449,0.608677868835055,0.999999981032905,0.555087265195604,0.999999937973108,0.544267324951975,0.999999973341621,0.747078141146302,0.999999964157305
0.795400240807244,0.585601100084822,0.999979032363166,0.999999951155889,0.997981421920079,0.987447131702287,0.999999999999618,0.791008235787357,0.99860463836745,0.999999998735834,0.999990248047798,0.796461285382313,0.999718670366481
0.999999964744972,0.640784738930313,0.608065473572495,0.634941315358714,0.65472751010416,0.728725767169917,0.99999997248519,0.780187452551816,0.999999828978181,0.72757422329016,0.999999972030395,0.71366603899633,0.999999960815407
0.999999994946284,0.873220797991445,0.747670656514102,0.843579958219391,0.603463245078603,0.731934052324344,0.99895053446172,0.716658861277048,0.999999994569296,0.6291342615347,0.999999596477475,0.618786769678578,0.999999978499503
0.999836433299876,1,1,0.99995472469595,1,1,0.971605669035988,0.999928063434348,1,0.599269803919068,0.916976831660711,1,1
0.999999999999998,1,1,1,1,1,0.999955905335044,0.773638555567081,0.896442685711501,1,0.999998834796065,1,1
1,1,1,1,1,0.999982625663042,0.6935768418238,0.999999999999307,0.99999967574715,1,1,0.999998900683762,0.999999999935721
1,1,1,0.999999973037775,1,1,1,1,1,1,1,1,0.999233227633866
0.99888256574844,1,1,1,1,0.999999963690651,1,0.699864357285039,0.999999245908629,0.999999972701959,0.762692788433438,0.999999990697997,0.999999999999909
0.790905040214939,1,1,1,1,0.999999196984028,0.788505934904544,1,1,0.960092445870057,0.999999944728232,0.999989904086573,0.993318917064913
0.999999999999998,1,1,1,1,0.999999971205625,0.981097290522757,1,1,1,1,1,1
0.797700186361102,1,1,0.999999999999993,1,0.998095620727874,0.99999999324495,0.641361736978978,0.974489532126783,0.982043084455729,0.972686422449521,0.825061777560646,0.997458394697557
0.992427959812142,1,1,1,1,0.987453865701958,0.999308159424618,0.999935435129673,0.99999999999999,1,1,0.725590150003715,0.75616209599849
1,1,1,1,1,1,1,1,1,1,1,1,1
0.998491015571984,1,0.999999429149976,1,1,1,0.999999607331828,1,1,1,0.999999999411844,1,1
0.99999999992519,1,1,1,1,1,1,1,1,1,1,1,1
0.784533603462639,1,1,1,1,0.999988685517519,0.921850038043047,0.999994946767038,0.938194278428132,1,1,0.999582016173251,0.864083793011222
0.999997289794246,1,0.999999990688438,1,1,0.999992853249249,0.96392464539659,1,1,0.999999984120699,0.99999994751989,0.532529366617642,0.989506591219053
0.999999947713669,1,1,1,1,0.971425560540969,1,1,0.918359518462226,1,1,0.999999998700682,1
0.999999999365056,1,0.999971568278905,1,1,1,0.999989064901688,1,0.9964285297519,1,1,0.999913645620999,0.99999999999994
0.999999867015751,0.99999999999973,1,1,1,0.99999999998293,1,1,1,1,0.946942536144578,1,0.797337289022636
0.580705943083266,1,1,1,0.999999999999999,0.999714972403019,0.91956678876281,1,0.999999623795809,1,1,0.999999949518945,0.99748882458821
0.787935523046561,1,1,1,1,0.614373503541098,0.999997376068952,1,1,0.999999999559612,0.967457442713606,0.999999961904289,0.999689976357406
0.999999561439041,1,1,1,1,0.872553525198884,1,0.999999958876316,0.90630094147048,1,1,0.99999999950571,1
0.999461971392849,1,1,1,1,1,0.999954165629657,1,0.999999244089183,0.924309092353286,0.999878637918062,0.998134071759429,0.655993442090818
0.999999579111455,1,1,1,1,1,1,1,1,1,0.999999903588996,1,1
0.999996980679464,1,1,0.81158891235238,1,1,0.880610148077766,1,1,1,1,0.999999987543124,1
0.560625772564938,1,1,1,1,0.999999999998334,0.999951324766979,0.817671329289174,1,1,1,0.999999406877479,0.997302553171054
0.999999999989251,1,1,1,1,0.999999863852864,0.949025115015174,1,1,1,1,0.900837712052758,0.999503023813183
0.554342684764015,1,1,1,1,0.999999999999999,0.999999995114257,1,1,1,1,1,1
0.52799279285627,1,1,1,1,1,0.95437767622017,1,1,1,1,1,0.997515394404476
0.999803855246167,1,1,1,1,0.999999999999979,0.570110759675417,0.999053163964522,0.999866104785479,1,1,1,0.999999999802645
0.99999999999975,1,1,1,1,1,1,1,1,0.810087650360549,1,0.999991778502034,1
0.885515141061693,1,1,1,1,0.999999956362371,0.999999999996609,1,1,1,1,1,1
0.999542937205256,0.866085609985549,1,0.99999999999999,1,1,0.99999999998684,0.674478366954053,0.999997616503677,0.99999999817231,0.998413962781885,0.999999999995782,0.522972653415211
0.994624284404039,1,1,1,1,1,1,1,1,0.993469852675481,1,1,0.820540559117118
1,1,0.999999999801721,1,1,1,1,1,1,1,0.999999999913001,1,0.999999245275225
0.999999998201678,1,1,1,1,1,1,1,1,0.999999999828825,1,1,1
0.548256321793286,1,1,1,1,1,1,1,1,0.999999987791955,0.986571601050069,0.999999999999989,1
0.999828980501616,1,1,0.999999995720213,1,0.999999220500292,0.9355425573624,0.999999327581353,1,1,1,0.99999999999996,0.785265940298382
0.9320287802721,1,1,1,1,0.999999999999993,0.821661504113625,1,1,0.7433535654803,0.897734181036249,0.99999999974951,0.792154478946789
0.994279759180748,1,0.999998221763288,1,1,1,0.5307569367883,1,1,0.999999998101309,0.651877956338463,0.985117129036453,0.999998811713902
0.999999999999661,1,1,1,1,0.999947140825949,0.566810559611296,0.578693961831721,0.603256141265025,1,1,0.79708231650096,1
0.903537979352933,1,1,1,1,0.994312282919279,1,0.793056481326198,0.999999998843704,0.999998975756109,0.956880553591305,0.999999999997619,0.743776098044369
0.771913616695029,1,1,1,1,0.999999731077019,1,0.999999999999356,1,0.999999999987268,1,0.999999999999932,1
1,0.994183065830154,1,1,1,1,0.975438254961457,1,0.999994917120049,1,0.999999946172984,1,1
0.999999999999981,1,1,1,1,1,1,1,1,0.566241510876601,1,1,0.999999999802604
0.80368412537504,1,0.999999969240616,1,1,0.999997487490356,1,0.999999999767997,0.96119426274808,1,0.993361165991307,0.983541493837251,0.84431455188159
0.957088585642686,1,1,1,0.93484409608565,1,0.999999896294913,1,1,1,1,1,1
0.714059569748074,0.999999952632729,1,1,1,0.999999997762995,0.999872045713801,1,1,1,0.999936073562035,0.999998069700453,0.999999993344631
0.999999983125742,1,1,1,1,1,0.937785157861894,0.794490665998953,1,1,1,0.999999999775113,0.999999999984924
0.727050401684869,1,1,1,1,0.991019988590502,0.955194604637104,0.999999999999998,0.98788779509431,1,1,0.998657155958734,0.998201603782702
0.994651845877623,1,0.999950693979253,1,1,0.89405947084366,1,1,1,1,0.855325083420621,0.999996464234445,0.999900144574142
1,1,0.999999999999999,1,1,0.999999766532908,0.534790688865621,1,0.993439985739247,0.976032603156477,0.997507304747443,0.999999891702201,1
0.999555841516026,1,1,1,1,1,1,1,1,1,1,1,1
0.999999880608163,0.999999927701867,1,0.999999999999992,1,0.999999999992248,0.963199846910507,0.99956770819084,1,1,0.95913577113438,1,1
0.999998134776049,1,1,1,1,1,0.981107062925728,0.999999895393086,0.762540684280587,1,1,1,0.817387357037089
0.985630864795932,1,1,1,1,0.999999999399496,0.96930449961689,1,0.999999999981739,1,1,1,0.999996154881589
0.900072940360665,1,1,1,1,1,1,1,1,1,0.999901809304291,1,1
0.999999999962091,0.999999999926115,0.999999999997095,1,1,1,1,0.999999997328276,1,0.607721257131497,0.999627668489416,0.907396100519869,0.999999971111023
0.819587196044579,1,1,1,1,1,0.779603821380712,1,1,0.999998027120545,1,0.866607695428774,1
0.994955920094592,1,1,1,0.77197206745322,0.999303165007507,0.802691230818457,1,1,1,1,0.999999999998975,0.999572145961635
0.955125686064612,1,1,0.999999999999997,0.999999999999958,0.999999999935551,0.876836370721695,0.999996094462904,0.784145724192801,0.693604938480271,0.690595106087641,0.999999454175467,0.817001203693383
0.999999026162739,1,1,1,1,0.941665962717439,0.84321348933459,1,0.975825274896916,0.999999999999304,1,0.999999999999912,1
0.999999999999999,1,1,1,0.994411025818195,0.986681561740427,0.844520441515216,1,1,1,0.999998047990966,1,1
0.743108825033201,1,1,1,1,1,1,0.999999999937355,0.999999999950627,1,1,0.884831210153089,1
0.999779796449837,0.999999999999998,1,1,1,0.999807942612764,0.999999236220802,1,0.999999999999979,1,1,0.99999999971645,1
0.876361519100644,1,1,1,1,0.999999999995298,0.999999228703439,0.999912339900835,1,1,1,0.503821251031011,1
0.916072893717114,0.853808362507489,1,1,0.982380469933383,1,0.643288009439381,1,0.519416501175077,1,1,1,0.980988865843587
0.999999999999991,1,1,1,1,0.995352087287433,1,0.994964387292671,1,1,0.999889021407941,1,1
0.816773352628039,0.999999999998417,1,1,1,1,0.995934359903278,0.996623941432445,0.992531873461446,0.987310154665824,0.983237033721779,0.999999999999444,0.962804978687103
0.941967258382203,1,1,1,1,1,0.61645798425206,1,0.934107541315183,1,0.997468763347884,0.999903876793862,0.999999999999021
0.999999999309986,1,1,1,1,1,1,1,1,1,0.996899666381492,0.715422447823421,1
0.999999999983514,1,1,1,0.999999999999325,0.999999999999999,1,1,1,1,1,1,1
0.858946125971388,0.999997072709215,1,1,1,1,0.999999953053342,0.999999933811039,0.999999999999999,0.713932576348462,1,1,1
0.999999999999999,1,1,1,1,1,1,1,0.991536040689067,0.999999999989973,0.999987768215582,0.9991309912372,0.541643784299005
0.999999997140674,1,1,1,1,0.999615379228254,0.999999999999857,1,1,0.999989851668922,0.870442037029513,0.999999805880207,0.859039746124624
0.999999999999999,1,0.999999987653732,1,0.99999999144588,0.987912789592737,1,0.999819996478139,1,0.99999999998954,1,1,1
0.982396245969258,1,1,1,1,0.984310741825004,0.996364867277891,1,1,0.999999999999997,0.997556262625243,0.999999999999881,0.999867650947355
0.98338234319274,1,1,1,1,0.999999959335083,0.999999999928419,1,1,0.999999999750113,1,0.532207458268021,1
1,1,1,1,0.972867840411744,1,0.998485091333148,0.999999999999999,1,1,1,1,1
0.993305730123137,1,1,1,0.999999999606574,1,1,1,0.999999999999816,1,1,1,1
0.999704606831863,1,0.999999999989616,1,1,1,1,1,0.999999999996598,1,0.815870558015582,1,0.983659220526228
0.999963023060947,0.999854456691977,0.999999999996286,1,1,0.999902003952905,0.999999997821513,0.999999999999987,0.998659627944241,0.639601228149718,0.999999999994831,0.999999999995968,0.999999999867704
0.99023058994401,1,1,1,0.999998857060413,1,1,1,1,1,0.929175219361831,1,0.999999999999997
1,1,1,1,0.999999390752739,1,0.994224501810425,1,1,1,1,0.767308079761621,0.999967097470079
0.613904342391177,0.520211935478367,1,1,1,1,1,0.548545392685826,0.94128331258568,0.567258486104724,0.994630287879719,0.999999998759193,0.550054144750555
1,1,1,1,1,1,1,0.999999999998565,0.99855818116014,0.703578815445181,1,0.999999901623874,0.616994565454586
0.823746385218417,1,1,1,1,1,1,1,0.636883125455479,1,1,0.895109553982113,0.999999987049867
0.999894624219146,1,1,1,1,1,0.864773650389324,0.999986401192944,0.999999999999997,1,1,0.999999894003546,0.999913369201552
0.999999999999967,1,1,1,1,1,0.999999999999986,0.854349238159104,0.999967274999866,1,0.681238305893015,1,0.999923652063093
0.550916853142677,1,0.999999999999991,1,1,0.976673015346427,0.991719132796289,0.999858225131466,0.790900517581062,0.999999793886325,1,0.999999947798503,0.999998323967914
1,1,1,1,0.999999999999998,1,1,1,1,0.999998771551421,1,0.999972163117439,1
1,1,1,1,1,0.999999970733617,0.681091408695661,1,1,0.999999371621913,1,0.999999999949311,0.99119300438249
1,1,1,0.999999999999999,1,0.999899204139906,0.985154418130964,1,0.999999999747151,1,1,1,1
0.981372876324884,1,1,1,1,0.999999987058818,0.996171542722989,1,1,1,0.922078676899494,0.911100826182972,0.999999865692144
1,1,1,1,1,1,1,1,1,1,1,1,0.88076765060024
1,1,1,1,1,1,1,0.612087092487533,1,1,1,1,1
0.892445031299006,1,1,1,1,1,0.982794522532921,1,0.999994993269273,1,1,0.999212418482622,0.927233968155285
0.999316901480861,1,1,1,1,1,1,0.91462451342235,0.965238172647392,0.999999998909863,0.999999999999999,0.999999999987627,0.959130339023288
1,1,1,1,1,1,1,1,0.992499189836498,0.998440881919108,1,0.925169285936934,1
0.908086073347815,1,1,1,1,0.999999999999697,0.999999559476586,1,1,1,0.999994459075703,1,0.999999993952555
0.999964832016672,1,1,1,1,1,1,1,1,0.999999999282337,1,1,0.985083022055816
1,1,1,1,1,0.999593042547799,0.992560982786163,1,1,1,0.989411586683218,0.980495520371053,1
0.999945453842885,1,1,1,1,1,0.999999703528379,0.999837874342765,0.999999999732972,1,1,1,0.617746200922658
0.912055797033165,1,1,1,0.999999999999999,0.999999999999959,0.626388515676215,0.99608651699386,1,1,1,1,1
0.967782570689943,1,1,1,1,0.999999853674539,0.999999999999999,1,1,0.999999999984026,0.997913828075696,1,0.992140798180717
1,1,1,1,1,1,1,1,1,1,1,0.999999988237012,1
0.981667377698899,1,1,1,1,1,1,1,1,0.999070363954302,1,1,0.999802085193152
0.999760177388581,1,1,1,1,1,1,0.998137888972891,0.561416729593516,1,1,0.99999999978067,1
0.992187676823447,1,1,1,1,1,0.999999993385819,0.99542545673808,0.999912055184643,1,0.999999936209554,1,0.997924454401528
0.999933837616468,1,1,1,1,1,1,1,1,1,1,1,1
0.999999976809237,0.999999999997862,1,1,1,1,0.999999999999974,0.999999999962332,0.939391057598828,0.721493706812461,0.999999999695017,1,1
0.999999999999968,1,1,1,1,1,1,0.99999983030862,0.630755043838432,1,0.561397063751324,1,1
1,1,0.999999999999989,1,1,0.999999996906202,0.999979866290123,0.999999999999999,0.99999784925676,1,0.999999999033638,0.999095409907692,1
0.667932240775663,1,1,1,0.999999999998839,0.999999999942483,1,1,1,0.999566171674137,0.999999999999962,1,0.999999973565929
0.999999999835509,0.985792603885628,1,1,1,1,1,1,1,1,0.999934478715265,0.999419861844719,1
0.948646401249046,1,1,0.999999999999716,1,0.906493129665251,0.56475198494528,0.999903612920867,0.999985545874756,1,1,0.992101617931946,0.999999999993123
0.796305024904785,1,0.999999897715504,0.999999999964374,1,1,0.999999999999999,1,1,1,1,0.999999999999863,0.999999966851122
0.905363514644407,1,1,1,1,0.999999999999989,0.999999999998345,1,1,1,1,1,0.999999875142502
0.999439262982281,1,0.999999999990877,0.999999799868602,1,1,1,0.999999999993115,0.999991227335059,0.999997760322525,0.997607706345267,0.99801524386767,0.995998010273679
0.999997584847373,1,1,1,1,1,1,1,1,1,0.999999999999406,0.570964537682876,0.99209772752514
0.906973297525522,1,0.5566722492711,1,0.953927127388045,0.999998505814574,0.79775681724056,1,1,0.999994016729021,0.999882099917963,1,1
0.999999999110208,1,1,1,1,1,1,0.99999998791523,0.679484867129652,1,1,1,0.998294323304856
1,1,1,0.999998406900432,1,0.935506535156167,0.999999999230052,1,0.962095269514267,0.999999999999857,0.999999999995234,0.999995529699662,0.742772328095614
0.99999925324683,1,1,0.999999999999983,1,0.999999999956454,0.999812980120224,0.999999997746021,0.999564070749932,1,0.936022071267402,0.587202623954991,0.999875793908545
0.521749407719503,0.999999999967011,1,0.997340451234652,0.996511343105656,0.859978530151683,0.999363503172933,0.997517901824569,0.966716489953865,0.988138804076667,0.999998748675526,0.999803355182695,0.999867322396706
0.999999966340258,0.965184246587904,0.513048131927098,0.907859148589806,0.515253126424699,0.515473094162337,0.999999983845858,0.529673102842562,0.999999992693178,0.769002360999812,0.999973910815504,0.574569013704162,0.999999998887864
0.999730662854699,0.999999999994663,0.96725591460747,0.829735238604399,1,0.98402193869805,0.999868587262588,0.698058170192352,0.999999999991128,0.999999999997158,0.998898804927212,0.999999974628319,0.981714853431424
0.99017902279624,0.999999999999996,0.999986626188917,1,0.99999999998272,0.745092827333452,0.999977413327789,0.999999999927015,0.600232047400862,0.967318094206763,0.998131634255533,0.990520563973574,0.864897588162267
0.826453819698261,0.999999999999736,1,0.708259364838492,0.921579849327705,0.931722991647974,0.999999999999669,0.748532616815589,0.642211988915004,0.999991339885294,0.822124500146074,0.840120578943495,0.999999999891949
0.985063039672245,1,0.820946369481066,1,0.999997268389788,0.999999809330017,0.993103332775366,1,0.982865938607538,0.999518648373775,0.999998664770885,0.840908489337512,0.999999999999215
0.761106008272755,1,0.999999999954359,0.999999999999965,1,1,0.999999998141455,0.557598465712793,0.999370124572791,1,1,0.562595803003008,0.996201895236573
0.999999996945401,0.716932721350732,0.542867497377002,0.670726451838521,0.576534290785701,0.70885617784466,0.999999994609206,0.748856294253456,0.999999917234678,0.644449432818818,0.99998273102356,0.682648504798738,0.9999999564701
0.637760293831072,1,0.999999977580801,1,1,0.616037595619812,0.999999999947398,0.602655929592355,0.999999999648659,0.999999998213282,0.792784428614552,0.999999898681385,0.999996648159311
0.999773878544548,0.999057431556117,0.540543428718407,0.999697421090943,0.999999995839479,0.68405796358897,0.999999999995717,0.999988721917456,0.998948929641411,0.939450358942371,0.74327704363578,0.888873294749503,0.996800891752527
0.999999999807081,1,1,1,1,1,0.999999999571335,1,0.999999999999808,1,0.999999986117408,1,0.999995811187372
0.999999982270894,0.504745334955329,0.541342072854879,0.669120510087598,0.70631221018356,0.776034140476684,0.999999875269563,0.747666648887726,0.999999989199977,0.711074656707516,0.999999984053667,0.743712056386757,0.999999234576595
0.863319816924292,0.999999999887144,0.999999999992213,1,0.999999994024607,0.514510857819087,0.999999287100113,0.929999073180283,0.999401433127068,0.992753976569801,0.995262699986501,0.622441412012385,0.99999976273623
0.980613872679076,1,1,1,0.999999999804276,0.999999996271867,0.999975202741641,0.705713112288943,0.982728923721128,0.897872975174196,0.748368803359597,0.960613404983856,0.999999999999168
0.999956791301358,0.99999999390198,0.999999999999996,0.999604727763426,0.999999999620274,0.9941300218713,0.999999936845617,0.999990113444035,0.983261707593365,0.999999994169745,0.999999034597357,0.770028783076131,0.983785895554093
0.996909336401608,0.67950570807637,1,1,0.999999999999032,0.999999999999974,0.733537259189014,0.973538949182589,0.999999998872551,0.997661759364409,0.999324751977244,0.992207000793768,0.999999999978207
0.999999999997749,0.999999999997248,1,0.99913672159791,1,0.99319381171683,0.999999999619135,1,1,0.81729845210945,0.993664032638354,0.999921448696172,0.770727560638866
0.536278998518452,0.998933764441805,0.995415670703799,0.999999837818516,0.895391664964001,0.629675462503937,0.999999999608683,0.847575184485474,0.999999730086519,0.99563914097092,0.652529964955498,0.507366966837154,0.999999999814877
0.999999990998497,0.789879667182841,0.82433360600124,0.601271240775535,0.780031335060528,0.649515961409671,0.999999979216872,0.802299771499432,0.999992631280964,0.885477950587194,0.999999933905512,0.635343802952121,0.999999970525786
0.999999988926179,1,1,1,0.999999999999983,1,1,0.999999999999933,0.999997571282988,1,1,0.999574069768582,0.999995764894891
0.993063797826506,0.999974357889225,1,0.999999999999854,0.999996676706116,0.99730326484659,0.991820213729494,0.998780424782418,0.998904072105014,0.833665163599647,0.999999999999976,0.99998022067501,0.692715985551946
0.999999999999961,1,0.999224111018261,0.999999724122443,0.999998905703947,1,1,1,1,1,1,1,1
0.979741820756831,1,1,0.548789209417784,1,0.999999958529149,0.999999995384166,1,1,1,1,0.999999525850563,0.999733732632943
0.977321254956933,1,1,1,1,1,1,0.81135625734547,0.991839898761405,1,0.982974086585224,1,1
0.990710379714222,1,1,1,0.922038705547901,0.999999999998119,1,1,1,0.99994891379823,1,1,1
0.935737072754639,1,1,1,1,0.639476974027957,0.953700544663723,0.999999367384227,0.999999754226812,1,1,0.999999994365047,0.999999928408777
0.999999998744873,1,1,1,1,1,1,0.999999999996884,1,1,0.71840444231309,1,1
0.999903848478435,1,1,1,1,0.999999999999423,0.858881650248078,1,1,0.999999999999999,0.981921217740209,0.999999897445448,0.786797656958193
0.999277029728579,1,1,1,1,0.999999997623301,0.981182485727516,0.999508241844246,0.66910622772759,1,1,0.999999999999932,0.812483336407049
1,1,1,1,1,1,1,1,1,1,1,1,0.971161872912963
1,1,1,1,1,1,1,1,1,0.999999999999966,0.999997166381572,1,1
0.999989638815733,1,1,1,1,0.647089074861258,1,1,1,0.999999897293853,1,0.999999897253181,0.999999788245137
0.987310926560423,1,0.999999958915038,0.999999999905302,1,0.999999999998871,1,0.999999999869172,1,0.99944294357349,0.533644156285431,0.827007726017459,0.981511898974855
0.999999991972874,1,1,1,1,0.999999999999035,1,0.999999999996214,1,1,1,1,0.999826044778155
0.999898519030736,1,1,1,1,1,1,1,1,1,0.999999999999877,1,1
1,1,1,1,1,0.999999971340089,0.99999993834455,1,1,0.999999999999961,0.943262115781873,1,1
0.51939643241083,0.999999999999998,1,1,1,0.500824282990961,0.999981069513447,0.999999999999691,0.999709734277086,1,1,0.999735400731071,0.999999999999865
0.999999889786668,1,1,1,1,1,0.999999999999371,0.999994616409674,1,1,1,1,0.983722455411541
0.995409862668174,1,1,1,1,1,1,1,0.995339612157284,0.793345424859681,0.991315807681116,1,1
0.991629316837471,1,1,1,1,0.591438224228048,1,1,1,1,1,1,0.999999924898726
0.999999994886934,1,1,1,0.999999995672956,0.998803540991146,0.992834166105954,0.999999995677882,0.999925647384139,0.999999999999996,0.999999999525056,1,0.999999999999999
0.999999997048307,1,1,1,0.999999999999968,0.999999960215304,0.999987150087547,1,0.999999378945093,0.999998176688053,0.999999998291388,1,1
0.999985502303119,1,1,0.697362870698535,1,1,0.979612175806397,1,1,1,1,0.999999999973983,1
0.999999999533463,1,1,1,1,1,1,1,1,1,1,1,1
0.876674591589837,1,1,1,1,0.945430288924137,0.964443997036075,1,1,0.99999999999935,0.99999999999997,0.999199067424824,0.655669907542489
0.999978456513205,1,1,1,0.568332610296118,1,1,1,0.990264249579583,1,0.894933224874955,1,1
0.999999999999775,1,1,1,1,1,0.99765408661714,0.999999986320369,0.999999995511818,1,1,1,1
0.999161665940735,1,1,1,1,1,1,1,1,0.999971104135324,0.999999999990524,1,0.999872657745329
1,1,1,1,1,1,1,0.999999999867956,1,1,0.980705294775192,1,1
1,1,1,1,1,1,0.999999999997539,1,1,1,1,1,1
0.999148261244557,1,0.972801192507344,1,1,0.999999999543486,0.998554151615329,0.999999999999999,1,0.999999999999912,0.885078125245577,0.960274179570233,0.726078073787469
0.999999926015242,1,1,1,0.940221770548185,0.934736581964535,1,0.999999999998696,0.808744240645115,1,1,0.999999821781936,0.999999999999835
0.658881357804355,1,1,0.99999997167016,1,0.922110582021949,0.603531741149434,0.99999999995171,0.984473444474651,1,1,0.999382043744018,0.649584461929366
0.999999730970777,1,1,0.999993250083922,1,1,0.999985467531954,0.999997561336613,0.999999999906956,1,0.999999999999999,0.855681697940789,0.999867807558509
1,1,1,0.999999995094877,1,1,1,1,1,1,1,1,0.999999999999998
0.99999983287947,1,1,1,1,0.997413216433086,0.999999477186752,0.999999519168024,0.999999699844916,1,1,1,0.994386919332384
0.999999998915754,1,1,1,1,0.999999946439486,0.535216829924188,1,1,1,0.999999824302288,0.999999998946303,0.974086617327224
0.991633405434278,0.99999999999988,1,0.894691438517023,0.835185227428236,0.997805032979901,0.950795306117511,0.907188662167746,1,1,1,0.981862079473571,1
0.999999999998175,1,1,1,1,0.999999999999861,0.999999999999998,1,1,1,1,0.998356118172728,0.996787432339919
0.999999990579419,1,1,1,1,1,1,1,1,1,1,1,0.9978626624925
0.997412927363254,1,1,1,1,0.999999949862085,0.999975302720071,0.999999999999724,1,1,1,1,0.999999999999735
1,1,1,1,1,1,1,1,1,1,1,1,1
0.998438693882156,1,1,1,0.999999999993194,0.839696023462776,0.595689918979283,0.999999996564159,0.594677979706698,1,1,1,1
0.99999953757957,1,1,1,1,1,1,0.99999999999997,0.999999999999789,1,1,1,0.999640558500999
1,1,1,1,1,0.994576811931344,0.999999999998978,1,1,1,0.999999935483995,1,0.957685740008029
0.608903795192986,1,1,1,1,0.999999995568254,0.999999999951903,1,0.999999757848719,1,1,0.934155955033311,0.99001160282238
0.999999999999604,1,1,1,1,1,1,1,0.999999995950863,0.945832264505008,1,1,1
0.930023341730044,1,1,1,1,1,0.998875839504276,0.999999999693541,0.83101721628056,0.999999999999999,0.999509266938598,1,1
1,1,1,0.999897754457586,1,1,0.989672947841132,0.997685764397902,0.918121702856977,1,1,0.975649425739595,0.999999999999895
0.749841000414291,0.528503803313209,0.99999999749175,1,1,1,1,1,1,0.999999487441308,0.980520967979314,0.885638407377986,0.695274599552261
0.999997944614734,1,1,1,1,1,0.998689209989275,1,0.999999999971147,1,1,1,0.999999998313533
0.98377219174682,1,1,1,1,1,1,1,1,1,0.999977534193458,0.999999633001097,1
0.834129551624134,1,1,1,1,0.999999999542685,1,1,1,0.684710574879301,1,1,1
0.849568286078762,1,1,1,1,0.999999999999999,0.797806519351102,1,1,0.982115706525183,0.999971832118624,1,1
0.99999138511468,1,0.999999999999727,1,1,0.998240803317455,0.992491165899887,0.999989843639226,0.999999998735061,0.999999999920096,0.844581913164648,1,1
0.98966019053409,1,1,1,1,0.998724504221581,0.999999999999993,1,1,1,0.537166565441464,0.803569678750778,0.9999999999942
0.999999995350259,1,0.999999999212312,1,1,0.999859699987116,0.90133038898967,1,1,0.999999942816102,0.830331674051674,1,1
0.999999999999999,1,1,1,1,0.99999999956281,0.999999997452741,0.999998199795723,0.999999991810228,0.999828798772808,0.999999999989986,1,1
0.823886294058278,1,1,1,0.999185332304492,0.999999961331638,0.940655887909402,0.948954622329143,0.725778928503448,0.830933819769484,1,1,0.780744409681999
0.997763492582884,1,1,1,1,0.996639946800474,1,0.999999347362235,0.999999999999991,0.999999999739238,0.999056556337813,0.999999999515939,1
0.99975468767716,0.999999999999999,1,1,1,0.970754472975997,0.920451394170792,0.999999999999668,0.999997018362141,1,1,0.925991976336608,0.999998650385209
1,0.999999994925127,1,1,1,1,1,0.999544347906356,1,0.999999999998686,1,1,1
1,1,1,0.998844231834311,1,0.720563646360213,0.908042336023074,0.889730730103818,0.640712356313387,1,1,0.999999999885275,0.987523842344368
0.977899126441035,1,1,1,1,0.999999985346531,0.99999999991261,1,1,0.999999999982292,0.999999999999869,1,1
0.973414745747122,1,1,1,1,0.978870949700346,1,0.990139051755177,0.999999999999964,1,0.998908390073661,1,1
0.990215155050011,1,1,1,1,0.999999983249551,1,1,0.974480354179945,1,1,1,1
0.999286451813947,1,0.985470736469889,1,1,0.898101022427937,1,1,0.999999991687099,0.809916826796396,1,0.999989145339298,1
0.976642017754363,1,1,0.999999999999639,0.999999999608981,0.999999994236524,0.996127784884138,0.989761599244414,0.997712582410113,0.999999949116034,0.999999842019755,1,1
0.98506663183883,1,1,0.787833441501298,1,1,0.99981932892531,0.850438611664729,1,1,1,0.999999998045626,1
1,1,1,1,1,1,1,0.999993214505589,1,1,1,1,1
0.999999985189648,1,1,0.999988635566601,1,1,1,0.999996072512079,1,1,1,1,1
0.584649633628238,0.999999999998866,1,1,1,0.97875322380749,0.980147929387887,0.999999999999274,0.559836553572037,0.999999999990225,1,1,1
0.989712675510958,1,1,1,1,0.999999999999987,0.999484743687242,1,1,0.999999999950594,0.99999999988601,0.74370776084833,0.999999999998948
0.997666184064111,0.999747717687243,1,1,1,1,0.786577061947901,0.936970585410284,0.826239307262369,0.896385900924658,0.890169227305664,0.999995822321879,0.978924686780483
0.543656934627376,1,1,1,1,1,1,1,0.999999751717029,0.99999999233225,0.99999999999999,1,1
0.996184886223249,1,1,1,0.998127092475549,1,1,1,0.999999999993155,1,1,0.999999999990453,0.999879520300686
0.994473866692805,1,1,1,0.999999999999013,1,1,1,0.999754296710171,0.99994315639575,0.999999989924781,1,1
0.837458504437781,1,1,1,1,0.999825270474749,0.999999999999359,0.999999999314568,0.999999999999981,0.993609545075703,0.966233179913468,1,1
0.999999999999948,1,0.999999575911183,1,1,1,1,0.750646735699231,1,1,0.999999999351586,1,0.99999999999841
0.999998816574355,1,1,1,1,1,1,1,1,1,1,0.999130083175818,0.999999994153764
0.965925338420564,1,1,1,1,1,1,0.999999999956457,1,1,0.999740589223662,0.998415467953268,0.937237066944519
0.999736893583743,1,1,1,0.999999999999999,0.999995788110104,0.785072094281467,1,1,1,0.785491284385382,0.99999861179447,0.705422940603158
0.99999999999467,1,1,1,1,1,0.761042751092382,1,1,1,1,0.999999717605727,0.999830884092887
0.999989711124751,1,1,0.684438050623327,1,0.999999996228911,1,1,0.999999999930205,1,1,1,0.999999999999999
0.745969180998339,1,1,1,1,1,1,0.99999999998318,0.999998646813827,1,0.999999997593969,1,1
1,1,1,1,1,1,1,1,1,0.637875006057949,0.99999999918063,0.999999999662338,1
0.996273796161323,1,1,1,1,0.999999999999993,1,1,1,0.999999999999975,1,1,1
0.999576861018012,0.999992258215439,1,1,1,1,0.999999649545494,0.999709619370274,1,1,1,0.99950336772139,0.898804831358709
0.999999999965941,1,1,0.999999953812437,1,1,1,1,0.992627222719983,1,1,1,1
0.960208839429439,1,1,1,1,0.999270873576683,0.999999991176948,0.85387201306699,0.965195465345491,1,1,1,0.999999999867018
0.853924241072968,1,1,1,1,1,0.557111300300164,1,1,1,0.999999999963332,1,1
1,1,1,1,1,1,1,1,1,1,1,0.999860431529588,1
0.999999999997341,0.999999843386979,1,1,1,0.999999998914803,1,0.970748128782741,0.999941118940984,0.999999999999976,0.51771292673701,0.999999999999999,1
1,1,1,1,1,0.999999999999996,0.999999999999988,1,0.518003345931775,1,0.999999999999737,1,1
0.999999227981388,0.999999999833048,1,1,1,0.999999999999926,0.640849543472977,1,0.986513647879135,1,1,1,0.999999999263681
0.699610827684028,1,1,1,1,0.999965989394538,0.999996982859854,0.689605960972467,0.655232788287548,1,1,1,0.999999999999997
0.999999999999633,1,1,1,1,1,1,1,1,1,1,0.999999999609293,1
0.873034891680851,1,1,1,1,0.686299500825151,1,1,0.659225303124563,1,1,1,1
0.999999999996901,1,1,1,1,1,1,1,0.999546661621269,1,1,1,1
0.713624336355101,1,0.999999999999997,1,1,0.975003218358769,0.900304124023909,1,0.999917687238661,0.999991325970808,0.999999999997071,0.929636499142897,0.865293925446477
0.999996719024852,1,1,1,1,0.999999999999999,0.902517015652113,0.999998877091365,0.999999501318356,0.99999998785851,0.895666552682097,1,1
0.999999999997726,1,1,1,1,1,1,1,1,1,1,0.999998378705976,0.617130799785288
1,1,1,1,1,1,1,1,1,1,1,1,0.999439970188288
0.954193496137785,1,1,1,1,1,1,0.999436853137397,1,1,1,1,0.999999999980244
0.590621431767595,1,1,1,1,0.999999999999999,0.955832442404558,0.999999984389809,1,1,1,1,0.999981633156953
0.845010841401905,1,1,1,1,1,1,0.999999985309322,0.99999302005165,1,1,0.998561008036108,0.999976823814861
1,1,1,1,1,1,1,0.999999909576599,1,0.999999503693535,0.99999999998014,1,0.98541453001967
1,1,1,1,0.999245023348382,0.99999998044405,0.999828068070195,0.996906698087624,0.993675961395041,0.648483437439441,0.999999043821739,1,1
0.999999994765547,1,1,1,0.999999999987148,0.999999999994149,0.999999749858693,0.915129825249752,0.999723643605878,0.988915002312132,0.893687593853513,0.808138234722747,0.999850890993279
0.93619491824666,1,0.999999999999995,1,0.999999999906932,1,1,0.992221140958211,1,1,0.999977248325364,0.999968953907282,1
1,1,1,1,1,0.998412810778605,0.856864306151989,1,0.999989716325751,1,0.955953115501792,0.860442645862598,0.995769722432219
1,1,1,1,1,1,1,1,1,1,1,0.999999999999999,1
0.999999998611601,1,1,1,1,0.99998451902441,0.9998970511922,1,1,0.999999999999685,1,1,1
0.855009431070014,1,1,1,0.999999894759241,0.999999999999991,1,1,1,0.999768655883321,0.999085503576528,1,1
0.972257242052277,1,0.998435969489883,1,1,0.522495641453155,0.999994049262152,1,1,0.999999999991717,1,0.999999995258727,0.99421278617534
0.99999999909596,1,1,1,1,1,0.99961743959223,0.997950026752159,0.637992127317341,0.999981371766329,0.99999999999861,1,0.999999079997695
0.824290302776216,1,1,1,1,1,0.966866334827281,1,0.864709560910993,1,1,0.917381544765353,1
1,1,1,1,1,0.999999941087093,1,0.999999999999745,1,0.999999999999221,0.999999999999048,0.999999999993737,1
0.97304983905895,1,1,1,1,0.999999822153918,0.565376492033639,1,1,0.999999999999972,0.999999999405354,0.999999995018039,0.929714058794607
0.998517240180831,1,1,1,0.99546796305445,1,1,1,0.999999999999998,0.965581111683544,0.751604008070115,1,1
0.987604030886838,1,1,1,1,0.999999999863731,0.99999966286933,1,0.977589943711542,1,1,0.999999914329496,0.589967885591235
0.984986260992401,1,1,0.999999999999999,1,1,1,0.999634533822229,0.999883492300345,0.999999988152804,1,0.999994695615395,0.676748181809486
0.999180639310882,1,1,1,0.999999999999999,0.570979548675869,0.999984997267665,1,1,1,0.990645914505177,1,0.999999997671441
0.996765922880807,1,0.999999999999999,1,1,0.853906682616671,0.981235270530044,0.999999999999669,1,0.99999881773988,0.999999999951153,1,0.999999902090813
1,1,1,1,1,1,1,1,1,0.999999999999899,1,1,1
0.999956387337237,0.999999999999966,1,1,1,0.999922973608573,0.83438538750862,1,1,1,1,1,0.999999999981541
0.999992172612507,1,1,1,1,1,1,1,0.999999999998828,1,1,1,1
0.99956565530485,1,1,1,1,0.66621312084078,1,1,1,1,0.986886731132884,0.54843608053624,1
0.999798212083302,1,1,0.998891996553577,0.999999924678191,1,0.999999999999937,0.999989630154184,0.9999962335504,1,0.686799529894697,0.999996179894283,1
0.999999999914638,1,1,1,1,1,1,1,0.999998570616725,1,1,0.977479648191623,1
1,1,1,1,0.999999999999897,1,1,1,1,1,1,1,1
1,1,1,1,1,1,1,1,1,1,1,1,1
0.794346026210206,1,0.603408317747305,1,1,1,1,0.999999999999999,0.999838145751199,0.999999991836077,0.999993266335837,0.999999999999998,0.99997595942785
0.999998066000456,0.994698353638715,1,1,1,1,0.999999767791365,1,1,0.999999994341212,0.999999997719486,1,0.999999840089431
0.997928907987204,1,1,1,1,1,1,1,0.999999999993368,1,0.999981114778733,1,1
0.786206029624394,1,1,1,1,1,1,1,0.999999999999833,1,1,0.861813396799784,0.997348196911856
0.897827702648287,1,1,1,1,1,1,1,1,1,1,0.999999994500496,1
0.871233669582194,1,1,0.966649823478352,1,1,0.995083968296695,0.999999999999934,1,1,1,0.997976011734663,0.853393603443614
0.617438473166166,1,1,1,1,1,1,0.999999992986667,0.836228041959307,1,0.890484256867063,0.999696919790678,0.99998511217872
0.999989176230382,1,1,1,1,1,0.99999999976786,1,1,1,0.999999897690627,1,1
0.99034355888026,1,1,0.588274813838767,1,1,1,1,1,1,1,0.999435980895416,0.999998132519876
0.999999679431044,1,1,1,1,0.999999999999148,0.819482707157909,1,1,1,1,1,0.832297402553021
1,1,1,1,1,1,1,1,1,1,1,0.998016338370266,0.721342961344267
0.586159370087488,1,1,1,1,0.999999999999935,0.999256699751465,1,1,0.999999999970753,1,0.999999999999995,1
0.999982195524647,1,1,1,1,0.886945798376615,0.901241088304493,1,0.994725940400654,1,1,0.943748937060167,0.735019347134542
0.999999999999989,1,1,1,1,1,0.999999973782526,0.905494641329764,0.816374803679533,1,0.670203450748327,0.999999999998681,0.897654453954177
1,1,1,0.999927465523205,1,1,0.999999967374336,1,1,0.999999999994576,0.999999997904965,0.797513621801884,0.999999990054281
0.739667850162959,1,1,1,1,0.896804626021002,0.999999999821581,0.99999900845233,0.999999999999985,1,1,0.999999991430116,0.999999934271097
0.91911707072196,1,1,1,1,0.999999933842552,0.990682842329082,1,1,1,1,0.999929951096486,0.999999999999885
1,1,1,1,1,1,1,1,1,1,1,0.999999999999994,1
0.999392222588476,1,1,1,1,1,0.582174763614698,1,1,0.999999998337966,1,0.997485564958076,0.573359831477253
1,1,0.985186775022489,1,1,0.926515967452997,0.999971876139259,1,1,0.65277702309458,1,0.999645989370791,1
1,1,1,1,1,1,1,1,0.999708261170013,1,1,1,1
