BGtoBG,BGtoVM1S1,BGtoDM1S1,BGtoV1,BGtoU1,VM1S1toBG,VM1S1toVM1S1,DM1S1toBG,DM1S1toDM1S1,V1toBG,V1toV1,U1toBG,U1toU1
3.02519972744466,-1.17413365895293,0.248618923318268,0.788567303980017,-0.755675346071914,-0.434127471502689,2.89884585156079,-0.818657767385678,2.81092846594344,-0.549385419493536,2.81527619802376,-0.775489429477838,3.1691874762559
3.38502833118656,-0.367293352176026,-0.0458721861077545,-0.593675957507249,-0.390623584809433,-0.723798322275358,3.1029366181175,-0.78118449666806,3.30323485790097,-0.650563808095213,3.20199123646602,-0.5103508864576,3.21059901593551
3.37757782560546,-0.239661472982711,-0.538357902640286,-0.409192236397944,-0.367611173407622,-0.571491429566337,3.50228512073116,-0.578445035121992,3.04250380839609,-0.557272881022881,3.53950901753353,-0.604208098917124,3.22875899651321
1.65045944197493,2.77128207797232,0.723992045588265,-2.99037743990505,2.13136262020477,-0.81431225118064,1.81169647653405,0.469674401752891,1.66137485605754,-0.0610691233525329,0.758431132040344,0.415701847442219,1.59785880013329
5.27940782918854,1.16326908918869,1.03401413917445,-0.489130266507466,0.868939560931811,-1.21749901898384,1.84047154317615,2.28350541061839,1.15500558311202,-3.54343143966525,2.91622532690986,-1.90692403474324,1.65599615752227
3.14409754669186,0.464284718632445,-0.050987290058426,-0.320270326630836,0.623012607682228,-1.9992078105693,1.89639607044737,-0.723390334942816,1.42746533702833,-1.54381947042059,2.84020857540789,-1.71698084577592,2.7098017190463
3.30865097680539,-0.447510064401995,-0.553532129269872,-0.37462521511842,-0.458298422603421,-0.0185652775996426,3.03239180533138,-0.551157665887106,3.15028978359293,-0.304958168919275,3.14610557338548,-0.331231328470643,3.42373464517989
3.28954331883568,-0.442128296466834,-0.627335172745918,-0.516604528251589,-0.661579183575629,-0.476972886394301,3.33149641280618,-0.187110547667186,2.83951811272929,-0.424415734954291,3.31466358911424,-0.3163408991372,3.14120926348706
3.30296089455076,-0.597809152049148,-0.470793778787526,-0.624591566081728,-0.552795937514247,-0.362037480821493,3.40448391516029,-0.286347987165568,3.37946523124279,-0.134071580923576,3.40809367046263,-0.356163246646526,3.40154386785234
3.23047149726944,0.193417244194655,-0.531285002435645,-0.928306109220963,0.0571475182886088,-0.640422684657823,3.4026252750208,-0.852073573370344,3.05155400128638,-0.817832531175261,3.01016424381498,-0.614195746556822,3.42980158609049
3.29728414376759,0.272917288715232,0.645773102919399,-0.670252114727015,0.0481847408448685,-0.949410390601121,3.31391013413404,-1.25287685608286,2.8760864684997,-0.754348277895261,1.98772008799367,-0.749774435228821,3.17034372641041
2.82760379738271,1.12882096536818,-1.06921555462732,-0.129419371236784,-0.0289362034604129,-1.99938309159027,2.38314809728356,-0.839733683126807,2.47882525217321,-0.795408190126708,3.06234839237062,-1.06784837293889,2.67614701082685
2.91861419958604,-0.240643837713339,-0.444534558393277,-0.395187702295083,-0.236852749951519,-0.480617228208384,3.02516583135929,-0.710342477127675,3.01825420923374,0.394782481605985,2.61898299543198,-0.440426290526783,3.18528589779597
-0.405670086054703,0.067979421455028,2.36500788715141,0.606481945214831,1.06142635596401,-0.362850263399203,1.67918083138477,-2.33475939679404,-4.9743092635465,0.0522252350853578,2.08593574716324,0.167982406946852,1.81436990726089
3.25366938129378,-0.390844298489945,-0.285734503092176,-0.253497171669217,-0.711321082456799,-0.396635055761446,3.18067784661043,-0.648533388078823,3.20395684805119,-0.340828053444883,3.20312918686053,-0.184977951047711,3.44281559056813
1.10815839969695,-2.24759314158504,1.56025673142574,-1.3179967454918,-2.43909202960896,1.59370370512817,2.6816445488026,-1.2490879865896,0.26271696099038,0.835444111950876,3.70646651979302,1.92861945124875,2.33501218765976
3.13280013445227,-0.695065228365332,-0.486032450999394,-1.26475274163702,-0.909551405676171,0.28561287913302,3.16440841008558,0.19381238956047,2.5229141884617,0.295300886305591,3.31778091421988,0.193986215526099,2.93894238132213
2.71737883305998,-1.64581778557558,-1.90478823459745,-1.55393123976209,-0.807533658669758,0.781389644310219,2.18318122518862,-0.0200005697964267,3.54319183976739,0.265675607312162,3.28303353136994,0.968521607804795,1.6692999979777
1.33815532509453,0.423096395807255,0.46630011768554,0.323210172688936,1.15921682530818,-0.0348312082260996,-0.546865525643623,-0.0623197434240799,1.38590443308662,-1.26275004831208,-0.555585450205003,0.63027245074715,1.02216446140108
3.22284996688646,-0.208008402644094,-0.394908069389521,-0.394654503548335,-0.105038876052324,-0.534503795745973,3.22476677285614,-0.497272627214932,3.29502103930189,-0.287601299391077,3.21848163251066,-0.741818185597822,3.33839014788054
2.52198774340795,-0.461448194270601,-0.185162480401932,0.397346622253403,-0.823116091034883,-0.419957844882373,3.15977392900727,-0.863560319150414,2.77701794202267,-1.32702969295335,2.79045954380612,-0.361688244562024,3.10750864516375
9.29662702167852,-0.0183802178370667,-0.0120545320986168,2.33938777004693,0.0945832951428552,-0.201787285172863,-1.7035138896267,-0.0640082208601,-1.46736481919383,5.53957388851506,2.0064819399193,-0.793723498063538,-2.66152579085942
2.62078309315663,-1.51611908140095,-0.182763145451529,-0.569552310736391,-0.764159382317154,0.0691790738814728,3.1350801996027,0.398969585669396,2.62637553327277,0.310664518150174,3.14671854185657,-0.239651409627169,3.38405454047621
3.40649365371125,-0.478511426965637,-0.582720822660495,-0.772912415739998,-0.412005430397652,-0.347257844302132,3.45940618357764,-0.439545923709502,3.38183676743404,-0.337110384111347,3.20457737175021,-0.483631126662902,3.34996120130628
2.87564578775832,-0.257373145796447,0.156506276233525,-0.177936275541196,-0.342735056241909,-0.42587424637304,3.38014822874639,-0.363108940099644,3.34427951995956,-1.03033323751944,3.160917070985,-0.935397356375287,3.28832679161705
2.792599187857,0.0740749488841047,-1.06816323856089,-0.00308150392278583,-0.0329969610072553,-0.273442183115886,2.92709727797704,-0.329602434479062,2.75139427161026,-0.144461448368259,3.17846340064094,-1.30292349455572,2.52763569081367
3.38826111550631,-1.11461124194531,-0.0851400849680038,0.403848376715305,-1.11719210777264,-0.648339079252013,2.8507689999866,-0.540179414981,3.2111823318299,-1.85156454204154,2.64210227583142,-0.721363699902328,2.68942982161753
1.76003017911358,1.04168081233737,0.56426006713325,-1.3060750106719,0.906167259986162,-1.9925674832123,1.12871221309309,-1.39510075968208,3.29566237591219,-2.40483988519768,3.19862475099926,-1.10708672215778,1.81567165958389
3.23791289266866,0.322809560313697,-0.35658995092835,-0.111241143864859,0.389127451159509,-1.25602106006389,3.18499187756741,-1.39663510776061,2.42656913065615,-1.36436794490677,2.73304098580833,-1.34654509612628,3.29689541225411
2.9362549585712,-0.976470434328304,-0.395179820747859,-1.05066351716339,-0.599318799334393,-0.115728914492963,3.14482215255684,0.207842082084123,2.80761019170906,-0.00673071722260912,2.75596082273244,-0.288968112444926,3.09228745202742
3.26001052012824,-0.591232875168132,-0.740545385185002,-0.638582077473495,-0.377009182267664,-0.120296750489459,3.3110554168723,-0.0688922410414183,3.39787777227845,-0.202711065324815,3.3577276838981,-0.238926446419276,3.42953354565298
3.40962965826383,-0.5162412430402,-0.511061807073465,-0.573135711644572,-0.443378603561693,-0.316454151565939,3.441301360363,-0.311505379644905,3.38262538203943,-0.333321680815177,3.45430733837471,-0.362028446064654,3.45345299990782
3.47361601165934,-0.766652666719726,-0.648046151492401,-0.713052227975859,-0.57095262363747,-0.223779824347897,3.50729226361686,-0.352103416249158,3.41132926489691,-0.228056663850205,3.47592559066785,-0.423745145554107,3.4875777149134
3.33463602619883,-0.771828597532621,-0.254674453250793,-0.734862824779553,-0.571891834797134,-0.43870243055573,3.20837606097962,-0.659441683421679,3.42348832193539,0.0556636074272535,3.1202849613118,-0.614470906161408,3.25800250874268
2.4059109974758,0.938983028342017,2.0463194378457,0.86118696255563,-1.39918971227815,-2.22928336583323,0.323685402659833,-1.11001972609181,1.80405607572782,-0.438337196111507,2.37273203917465,-0.0939055532995687,2.08838285385702
3.35158676047785,-1.25535747454762,-0.588733734290675,-1.02596312937627,-0.501152590866986,0.0990303850519162,3.52249956187139,0.199965835563859,3.04957368055648,0.830011702159511,1.80800494432249,0.0270717854758325,3.16012455225513
3.40053614994111,-0.695547417875821,-0.618974719088953,-0.629455159828773,-0.550589018075517,-0.15747680734041,3.53488270427871,-0.198637981591742,3.5399534605945,-0.227723878503948,3.51918708428762,-0.297454472568671,3.53915754085271
3.42704074334958,-0.600418812635477,0.944752043939707,-1.48124267607492,-1.04562512560928,1.90076310228675,-0.095782889498576,1.10393453050614,2.20523179651196,-0.566459116518931,1.64777455704074,-0.167916259468468,1.88977564010061
2.85745427485711,-0.560802680247174,-0.705098421950443,-0.482845647215598,-0.540534810313702,-0.433872367051712,3.3217146816427,0.244873015779407,3.27392947493847,-0.346149131134572,3.40453119166792,-0.248928920698834,3.45235677037992
3.37900246258965,-0.732726908137316,1.21187646471231,-0.771524284059302,0.226209748589921,-1.338022755057,2.58056521456611,-0.482687689191998,1.4486545539357,-0.111190015829385,1.0817682718865,-1.97155263221251,0.787548438110269
2.74210201898067,-0.397734623943925,0.190680020234435,1.18006149626121,-0.147655781804661,-1.353997888148,3.19777664638876,-0.377877561031304,3.2714448548269,-0.271983737601722,2.55943607735547,-1.62750681863114,2.97093419181789
3.07183008043289,-1.41304259840344,-0.344538657524882,-0.418260587315553,-0.639958787962301,0.000509979859814033,3.38736104850457,0.433552636685546,3.01304385905552,0.00554507739723441,3.15200391847453,0.267090642849763,3.026328779905
1.194418504432,0.33046571757672,-1.08649704812998,-0.702684464739455,0.834634257241474,-1.1379772808209,2.96828692732629,1.40259180099893,2.18776056797776,0.136718508579447,3.1344400603212,-1.56122543378911,2.58182288606505
4.61008077291316,0.12919143952572,1.17972478243109,-0.309485553923093,0.116002201982944,-0.657063648060261,-1.86867013290888,2.26908199661283,1.13410417975691,-1.1173926155847,0.412699548063758,0.111774974655,-0.270075897691998
3.3634628902819,-0.392855810165698,-0.285899558855567,-0.290851095399748,-0.285981676924521,-0.069226889398888,3.27562511002403,-0.510427948239694,3.25015629822704,-0.347296810654999,3.21133589021596,-0.377990382475965,3.46282854841355
2.32048823943555,1.0578575801195,-2.08315965319034,-0.213389668237732,1.08319209657887,-0.16095195557777,2.2378807430642,-0.0251596775461935,2.90885677656156,1.9490101459301,1.91891805685237,-0.159853929433705,2.22984881563126
3.02491664106299,-0.66695154983012,-0.545900434220132,-1.37018981039327,-0.341942453755087,-0.119118101448387,3.40460813260894,0.0185748246107528,3.22176761877337,0.0807500383861971,3.18398890058896,0.0171465305143527,3.32459046322307
2.65813935944817,-0.864558463523254,-0.450093810638192,-0.618634281516152,-0.572004189070925,0.199886079065563,3.09413736869108,-0.140151855805209,3.28558579837579,-0.286542899171131,3.08597092477894,-0.796341750270744,3.35842372183779
3.07381643775732,-1.05467558810144,-1.57636572765942,0.782959089876626,-0.308748675125858,0.280320674442678,2.79295879154208,-0.233223318589851,2.22593650665682,-0.722051099303551,2.59545807426106,-0.203278617280106,3.12116737358076
2.80312249358419,-0.405133042766436,-0.148076295782951,-1.16590245569995,-0.702405981518072,-0.948219667806565,2.89822459462595,-0.739234636522213,3.07652471747106,0.573367509127442,2.46469482188755,-0.452294654925743,3.05563347373755
2.84581669876388,-1.38769333247765,0.901276316881327,1.80022116618828,1.35159943854749,-1.13574934306487,2.22216087382397,-0.224196381943381,2.03752617875758,-1.65341508487573,2.44293542994646,-0.601702054561579,2.70121531914975
3.25020390762612,-0.649059092550395,-0.229258769991951,-0.904292462795996,0.104246787134931,-0.590845043641334,3.21324149796395,-0.522620308755508,3.25613701483781,-0.329935199876241,3.25535004367983,-0.36179499839358,3.24134146175294
3.22605197600715,-0.5507499934734,-0.397155983372266,-0.704759575379931,-0.677807112678193,-0.455117556372228,3.34556278482309,-0.492049043327825,3.34041845252597,-0.0289158223936699,2.49029535810372,-0.418830589846951,3.31963611601002
6.36011234472963,-3.6109001275268,-0.272982266905186,-1.63730167288041,0.99957349685723,-2.23569598179333,2.83236998885597,0.387471335124617,-1.35648678222006,-2.29487642389536,4.54508415354778,0.198185049011617,2.04235117166554
3.29687116375378,-0.483549591499013,0.168417701833233,-0.612685599193233,-0.582935393307652,-0.428236546940831,3.25607619680091,-0.738853475687453,2.77355430177169,-0.0345605815675204,1.4065035620405,-0.457384687973653,3.24588192759533
2.80571601711432,0.233731822349202,-1.22196339157629,-2.02113273775459,-0.483289771616794,-0.194649869644643,3.27604035080327,-1.00167181970555,2.07973309753968,0.420835815446741,2.33011627291483,-0.0548049156304875,3.16162717287878
0.840624089086009,-1.09439369047076,-0.983907126718227,-1.34584198277835,-1.03862776574819,0.524484458005501,3.08931495022045,-0.0111080736692354,2.68062299190065,1.93101175448959,2.23693428252289,-0.759645301051427,2.62989285067608
3.2631171145997,-0.881564087127151,-0.777391068272629,-0.840600674683402,-0.662074535023068,0.0554793808709195,3.38065379234894,-0.0437486298690424,3.40070715186067,0.20053950259213,3.41536419249953,0.0379526416812709,3.38236158487807
3.30859834231313,-0.535115246595792,-0.418395886759347,-0.732801535398057,-0.508530285513538,-0.291110440627314,3.39694396187802,-0.234332973983192,3.37562361299601,-0.317585474413448,3.26290555737442,-0.295699157252083,3.35032213713975
3.23839451286522,-0.629027918627946,-0.693762091041483,-0.824021014169645,-0.677058366183817,0.0193644635538891,3.37442012081337,-0.175606295252179,3.37645726162831,0.172568385274125,2.98479156976525,0.0062862363163592,3.37185501270294
2.95070696163277,-0.516915387604049,-0.398428550450842,-0.389712890256724,-0.313568444292988,-0.286530213932996,3.43530773116931,-0.114698787549495,3.14618837042391,-0.0356942502911948,3.34870448905312,-0.638300472931919,3.28763196612903
-0.231996311963287,-1.58921579410796,1.27124789315269,-3.79759172012105,0.275679276407754,5.29788212768879,5.04839313031541,0.860001084819197,2.66123028398703,6.67029774350665,1.87004742134348,1.23115860101927,2.58919914710891
3.4087474504239,-0.440790556616897,-0.335956611927252,-0.42170234989141,-0.468235212589136,-0.635065213024939,3.37542433620367,-0.734494773630699,3.10513933852235,-0.634052955664472,3.38327689237503,-0.562040253958981,3.30314757495381
2.89646923391378,-1.54494372544868,-0.924738360850475,-1.39265864752223,-0.576775955225945,0.755885626054575,1.63664032975463,-0.310460236116122,3.02723833373162,0.170802314512688,2.40434317134709,0.0498072081630373,2.61654261284479
-1.34381088033096,0.757751769280489,-0.0544157844772032,0.289335677114762,0.243362471274171,0.122834220562057,0.407680583898503,0.00435997666356043,-2.48130208811704,0.0766359523332312,0.762856099966374,-0.0906738430290846,-1.61489194298612
-3.1283194516037,1.59630289056533,0.62316771195951,0.888139631938459,3.77906248573993,-0.570539010770731,0.93911273594679,0.115759648106839,0.386128069141696,-0.949001540948671,1.48866187037797,0.311896881675397,2.14513371908553
7.84831317940136,1.81785632209155,2.838095443627,0.438473538801389,1.2707508042409,2.07086494637611,1.78705556565819,2.90956330157822,1.45864039027537,-0.587594886363489,-2.531144910843,1.1420926224901,0.627955873100114
1.46779234903305,0.367137923668836,0.300986901220036,0.108314044624955,0.814560992670324,-0.299921094180537,-0.791093243092041,-0.528846664243164,-0.538274802661595,0.328574608087946,-1.09383352629789,1.21910080012034,0.700775759170403
5.70912010650691,0.200041797383297,0.407046696400939,-2.23896517200444,0.257422056968883,-0.982791486505239,-0.508461781666009,-0.0987599887771551,-0.43365003472104,-2.45110078724364,2.19405690917324,1.00241606994277,-0.898603067492301
0.739947899499537,1.41023750929198,0.0924481610187038,0.198602617641336,0.427691373090569,0.259333650797638,0.393767496714341,-0.198464413168119,-2.4363362201434,0.0422219446539776,-0.468581569979669,0.160136913078266,-0.174422416550902
-0.23829963641369,-0.985238417286019,-0.818036523718749,-0.189535451867403,-0.287884188087111,-0.0250952014630394,0.125001344757232,-0.171305518989561,-0.476912283204749,0.0742212067928619,-1.04294401215851,0.0929596525468116,-2.3086594114496
0.907823926675881,-1.50962650461968,-1.55151832142799,-0.870643439176027,-0.683906314973308,0.625311796339667,1.42856680354054,-0.0943692770261402,0.878549429600666,-0.257093080341179,0.734798734268308,-0.111441310177215,0.255844052236803
3.54032187458616,-0.241253951394167,-0.190577377661147,-0.0269390537792173,-0.178185551411273,-0.84967767260515,-0.242027595289105,-0.822872652435254,-0.239262736288911,5.28052493812263,-1.21600617132607,-1.14043038929217,0.229494091976981
-0.0987292139636006,-0.0443266943021396,-0.342219312787501,0.675712433920891,-0.0254336642391646,0.0420597092431961,-2.73652664056714,0.218208376075153,-1.55697203035388,0.237022062270883,-0.954818231259652,0.0157217879293651,-11.5147365194955
2.96952550723126,-0.848020781156913,0.565759818343392,2.613590806142,0.190912202951266,-3.07479488629865,0.169966470695736,-1.39017663127871,-2.53137426542097,-1.40818565363688,-0.517353621754252,-0.850094882535713,-0.538274780364638
-0.0596162182198943,0.0613495721992848,1.02190124991187,0.148181539230378,0.0270713146317642,-0.0504737624009961,-2.93250174380826,0.142848745827336,-0.485640020409043,-0.0951495059126529,-2.5241733792236,-0.0493615042572162,-1.00270315305276
0.391524633605769,-0.476917529817398,-0.165418843665804,0.0773439916303066,-0.260664862216199,-0.201197511037625,0.106864124086462,-0.528844566579718,0.335316847166894,-0.410297884220133,-1.94346866124347,-0.281293349616336,0.148461389854094
4.65907484391678,3.31630798606721,-0.181004290904358,0.682144633893694,3.22540428564184,-0.906004271909448,1.92237775328979,1.23324104407472,-1.55702181926295,-0.964281209377844,0.284678788748056,0.779362266686443,1.40727870618275
-0.396938854589622,-0.881246673232677,0.422517605642222,-0.191523165912301,-2.56586041676521,0.101458446857806,1.19231186341378,0.583062286734633,0.027299148003355,0.239581138670633,-0.823246940821507,-0.0968262063816738,0.979243946372714
-4.42551324962864,-1.07400590944935,-0.0657311422102744,-0.768752793637629,-0.733399931925179,0.843987330830875,0.754423419524065,1.83968929496828,1.22204341748187,1.00106072119495,-1.30319087391284,0.217884977805539,0.843934528144844
13.8266524712108,0.0122031320472521,-0.131032148708714,-1.32811496739092,-0.755112551988759,1.09233627420727,-1.52987223291602,4.40153082665817,-7.64352341962958,-9.28970541589984,0.510573371483506,8.10739082064246,0.957595885243576
1.837186556069,0.498986535550984,3.63632589008475,-0.152591306634214,0.270169375911494,-0.286032327632957,0.46419555416693,1.14709691350195,2.24692471605291,0.196862052312252,-7.38742160729926,-0.276776935218303,0.327400950761863
2.18491949129798,0.144949631786402,0.173083624063737,0.490422340506834,0.367512615870474,0.12488967842959,-1.07308759659825,-0.431082770770863,-2.41012060886949,0.89178968176647,-0.43595516615015,0.750731585945463,-0.718776144321743
2.01504424607814,0.0848314762706763,1.54695679630308,0.197650031578777,-0.288937618768136,-0.0190725099102898,-1.09556897380793,0.425581938603879,0.261971673802288,-0.231501490096616,-2.80073573215858,-0.557547368473092,-0.509740900212591
0.197664376826855,-0.589374920129976,0.350249354454006,0.486156545033971,0.647657742454372,-1.5228782181308,-0.11111570119303,-0.656026876975712,-0.0282390999120208,0.0461413776941549,0.385660262582798,-0.0647541618806034,0.219502314750627
-1.74681921078568,0.14046332790326,0.273998121046526,1.10639818081066,0.170322749220089,-0.0895198425964363,-1.73954942247652,-0.0839555375690953,-0.719735791627244,0.0865292519052987,0.813557718286429,-0.0991971258706062,-1.46460241157977
2.91852274703193,0.950573447883856,0.470999065715944,-0.626390314292894,3.0744667450462,-5.24855100608188,0.954589590174993,2.61817998377397,0.561166830568722,5.78935154548258,-4.38047152091355,-0.786667608143785,2.37532544803473
2.26346548257333,1.84191083471171,3.54306870204039,0.613515752819887,1.30640397145469,0.965837782530473,1.17207788724615,-0.330347811676082,2.41506964208298,-0.225581670737848,-2.55811651921402,0.418110877928614,0.814705279341905
0.648188011580276,-0.279786287962765,-0.402002090777235,0.0637907032965362,-0.0622266391543548,-1.38552263460386,0.156622179783674,9.2954894672219,1.10313055645987,-1.32819466017179,-1.94760376706637,-0.194482512576755,-0.329576542826966
0.31414507963283,-0.491953522922763,-0.153042477438586,-0.100362960790029,-0.257669421625447,-0.293847476549229,-0.527753899096757,0.182549234010914,-1.30940571927833,0.220442601939419,-2.39785350171838,0.178021401728875,-1.33287489322296
3.26099331491388,0.565143353719213,-0.237294866926365,2.56323737069973,0.452341268881158,-0.277106997564625,0.441383229573482,0.299195919589899,-2.5225512393282,2.62379417823506,2.48748227253634,-0.24246544029567,0.400337960889097
-0.73261876898767,0.343351353207706,0.192057485609363,-0.158667569123194,0.238262904753601,0.219916939078621,-0.101096109615225,-0.0147782271079221,-0.592319223306548,0.0748601253730367,-2.20626812160407,-0.189367011531375,-0.461993221173395
2.95625996998854,0.231371411514897,0.289985866853452,0.436109363450968,0.183701558380413,1.79203148475744,-0.901953643572611,-0.992595717876398,-1.89824787637786,-0.149533781506179,-0.786016678219426,0.7367049294284,-0.727283421555168
2.55991857989722,4.13674177869584,0.162731592935636,0.317712021767475,-0.249231758373842,1.23514299067985,3.58085147709539,-0.00586594448867062,-1.77175655979555,-0.0371456124918777,-1.45457070880767,0.210351450196253,-2.12620574533506
2.61790370663766,-0.489161041095809,2.57887373418043,0.650771153772714,1.17300737918702,1.08732777706717,-0.596385117648334,0.334809216698982,1.47263567295607,0.646137324007216,1.03839426159123,-0.478119907581434,0.684562870290026
1.18092784860748,-0.364299956442141,-0.341988707606691,-0.334585846725904,-0.841819714522886,-0.202717858798702,-1.42981607596315,0.215821050346268,-2.95633189944802,-0.0486995564515854,-1.01747213016384,-0.440243939204411,-0.233212386314279
1.61197029347395,-3.36410925034859,0.0464685589112108,-0.0501961845616482,-0.50682185493282,0.013693487184991,-0.653052367556369,0.233887383104366,-1.53066663906655,2.13439314165199,0.253488633521913,-1.55693832880454,0.298787389063674
-0.365857570867009,-0.0648214743339586,-0.0649592512230354,0.0947174895373856,-0.0849703369944123,-0.496113881124399,-0.999658672809205,0.237640266092568,-2.51115620690965,0.0246561192735828,-2.20438984775785,-0.13130916645275,-1.40360866893073
2.54874505421432,0.143846740779811,0.118063212024687,-1.99499714466762,0.598805424010585,-0.459919589386599,-2.70977864941948,-0.530781559069409,-1.57913593510946,-0.758141236615985,1.48184898053963,0.91489194826558,-0.195662573480088
-1.64678252823333,0.836255616590932,2.32354434378244,0.0640162139634394,0.681093390971261,-0.127978025214718,0.545265434036997,-1.2239960454299,1.85376402770773,0.466309730313919,-0.481692255253008,0.787562258453933,0.605755310050543
12.9913611465753,1.47407256783014,0.333966638486783,1.13217971629756,1.33475018457152,6.15064219971363,1.6712776353914,-1.74207879770001,-1.70952565155937,1.14217832827108,1.534249757023,4.87693089178975,1.33113440233597
2.56349938903501,-1.19451138600247,0.999281936693109,-1.81453457431836,-0.672016131518267,1.45375440502659,0.730261185755863,-1.51181717679413,-1.86816863136582,-1.05379846973124,1.39612547299799,0.357354169912617,0.790112214492389
-1.12780067156707,-0.374300406015301,-0.614912945130397,0.0880540826268377,0.0260931467246021,-0.0352998297222415,-0.178405251474558,0.0161401751652303,0.113444974955872,-0.0446264260533387,-2.29794206456444,0.0183799706696082,-1.26246535257832
0.797511813879715,-0.458275386599954,-1.06343045205704,1.22303489725432,-0.898629370081478,-0.012299273239718,-0.684324995908415,0.0579896597367905,-0.216016425453252,0.382658626882976,-0.150434524512057,0.948198775116726,0.124902805914612
1.11666975464189,0.738423551480175,2.25723054532938,-1.74806339607879,-0.0723001527356144,0.0597917522629305,-1.03179530650347,0.08445442961284,-0.906545244198665,0.0905993347579233,-0.631648172823541,0.0394632659533043,-1.66549229955687
-0.57576337445884,-0.00527430042036307,-0.509639810336882,0.203765583124265,0.52004043614497,-0.58534171902952,0.346475432803932,-0.503938376659808,-0.133537720315571,-1.0965835134204,-0.10795111098801,-0.917228334542297,1.18819780783248
0.576670961737218,0.847509875429775,-2.15354317028533,4.25338061839871,-0.463718156983202,-0.0824540315494798,-0.977169858730254,0.0308759295255937,-0.782987641721474,0.0102484592684749,-0.823749886729044,-0.123438305609139,-0.630731242257225
6.59186661387581,-0.916864804192948,0.144291820856369,-1.60388907039146,-0.0477902394708475,0.0667856215942631,-0.150280638641182,1.2821862674727,1.90727264617394,-6.64797162077201,4.48332744466723,-0.0973916097321621,0.400879139617467
4.00472221797617,-3.77368179823755,0.71208741391303,-6.2728320809823,1.77784163627743,27.9782582767455,-0.550265156070134,-1.22276540100125,-2.81835418833312,1.88873308469049,-0.946399486409588,-8.44061190670286,-4.98032376854352
2.4169096440655,0.116876922290082,1.23117413136766,1.6748016363161,-0.959723737031615,0.299371672796813,0.721052132086464,-0.113248608197442,-0.00778029694719307,1.60987814243275,2.12055482961382,-0.169400818871495,1.23721040347338
2.82310641257093,-1.16434138262095,-0.212434185972735,-0.755237614526266,-1.23535881408795,-2.19010633198806,1.83041128618215,-0.0259801340587549,0.599362654375131,0.770773077084208,-11.1188155197603,-0.607182850009001,0.344079662032089
0.896260111056228,-0.643206095660956,-0.36431234306166,-0.364950910500204,-0.68390592251259,-0.311640579732297,-0.385054570712093,0.04890047719105,-1.33732927357696,0.271732715241373,-8.58903035600435,-0.257466125308638,-0.50956023468641
0.161070221119749,-2.07383788943658,3.5768439726524,-0.365463083802355,-2.57436984719754,0.0345655232902806,1.52281076058556,-1.46383586284852,-15.0384775956858,-0.0477703598300084,1.42967745472556,-0.0406805080037935,1.30684197499153
6.04253407444312,1.6382989853648,0.939313162157266,0.511534005900581,0.74073036309771,2.08478538987333,1.14748098688537,2.54326885481228,0.616865299180596,0.542701421211249,0.641157695120138,-0.924617061680381,0.161720745815295
1.15458599779365,0.23282190596366,0.417693872875914,-0.578021682328745,1.90631165199708,-0.0687014005462292,-0.829476982936217,0.543977064415951,-0.578493989441281,0.0579793077146956,-1.0352420211452,1.31950920333671,1.46656564927841
-0.188043325099276,-0.0391178379597746,-0.0525789641629101,-0.0984377148330433,0.168597806250207,0.531034057797412,-0.202105246346775,-0.10872434052868,-0.644438682105865,-0.624168634711109,-0.277647736150577,-0.243211069521371,-0.695246301511856
-0.307012248840923,0.686395474063327,0.607017356863228,0.687269390586648,0.501467382908192,0.351057859181963,0.201884533161408,0.101564524508526,-0.0297929629253964,-0.210534951463183,-0.727699529409756,0.258488352098705,0.111184312185712
8.07360402420643,1.8113891785768,0.849286729204367,0.261585175735829,2.30815416675399,1.7805990610666,1.13032587849834,-1.05089362239998,0.104566722225284,-1.57657689900126,-5.5450487921361,4.12676484837911,1.98323381853792
1.06017916077232,-0.48159776607383,-0.531851942683944,-3.94662820428321,-0.304568584021784,0.0271174239293516,-1.71915766256422,0.0181884290297113,-1.65123519096822,-0.191181958849961,0.714881822907143,0.0244491067880515,-2.04632879432141
1.94524384588455,-0.199627842621609,0.11933884409173,-2.41320276131835,0.657261539534487,-0.2665049192082,-0.964716812529372,0.0633049594365141,-1.1157378204926,-0.158924238770047,0.280397348316363,0.203732580787863,0.496825698641481
1.82656201279601,-1.62484508599232,-0.197111513533367,-0.139941471438576,-0.919804914349996,-0.650149103499692,0.480833050807797,0.206545145301107,-3.07755202056666,0.0229392323871287,-1.26302150638775,-0.0432817828841797,-0.635482733341524
0.0541594478258316,-1.77721952446119,-0.724368872458829,0.524284557760154,-0.1224021753459,-0.0732181747851841,0.162986245574983,0.360216920231245,-1.40623686694784,-0.076147637931204,-1.19671537146397,-0.130372233641038,-0.0565920517156724
0.0400591911217834,0.265880480773481,-0.284760128610274,0.218130104142114,0.208943688862238,0.294678625728645,-0.161081972880367,-0.372446905007409,-0.0200343917449735,-0.110154469855189,0.0898775052595915,0.269181151119191,-0.083963497223463
2.69086698765059,-0.276089341364513,-1.16142896956316,-0.269521962275044,-0.0588986406850676,0.300089586803316,0.798156578419167,-1.28828342603674,0.509913328800632,-0.334100617341224,-0.702632852145443,0.106058895901472,-1.54286600091842
3.84693199255149,0.587361671424011,0.278905457313517,0.248744394949316,-0.0450938895672332,0.901848559987593,-0.123814420281537,-1.03521785082377,-1.04124414865919,-1.32078680632409,-0.491012545796288,1.53509937634822,-1.42269157986306
2.10749550415702,-0.0953100146364437,-0.416231884055047,0.0892653522315784,-0.201400078349382,1.2758228017459,-1.91127146710487,-0.481444493149589,-0.776486618357124,-0.430426639555135,-3.94606413031193,0.0320792677392762,-2.13711261352402
0.273854809007985,-0.105215485782564,0.351167664412352,0.216941998727111,0.0943971468778122,-0.0658580577020668,-1.80145117485973,0.6400227333039,-0.591043913838581,-0.205222683226626,-1.97559115247092,0.165621415693774,-1.26223886896593
1.8396637602639,-0.368402814196241,-0.379081223884918,-0.271138535937164,-0.529671836371984,-0.201262519654024,-1.64865002965925,-0.130040200813039,-1.76992313224165,0.282969257128839,-5.52845608422118,-0.0954000787427683,-1.79623039394346
-0.300879231096272,0.00905572048230585,1.6550516059671,0.0116232357191767,0.000759463944138204,-0.0614089769489963,-0.231494408364839,0.142785169393371,0.72416484568625,-0.0401293552599154,-0.921188886770506,-0.217247673813224,-0.346898144670352
1.16735457618657,0.383004986075718,0.426603163126978,-1.08802110355248,0.532119052321662,0.0999606794785383,-0.532612541639808,0.140039444297485,-1.52624169301692,-1.26447973324359,-0.0224249515395428,-0.347916165858313,-3.36327390196622
1.02313455326932,0.71030564532726,0.969705903021449,0.740897448688304,0.799332792469956,0.663481456727243,0.222946336134313,-0.0298555294201854,0.554508470079612,-0.0647592096330385,0.552316045473944,-0.311635307802339,0.522044250910827
0.989388104996297,0.181751357135639,3.60636169959796,-14.4269531004679,2.13669421476063,6.82511864052184,1.48108266539388,12.0777700843365,3.02744374758725,11.1646024336416,9.59000632403234,2.4747604468583,1.95768863181739
-1.09575671010564,-0.204060983060091,-0.587259344996984,4.07472647191619,-0.148171443193609,0.0427502309814184,-3.95988028811419,0.111449133263577,-0.778062699488577,0.134486475457434,1.70710518061235,0.031808715864221,-1.18269747886326
0.694791809269293,0.194324786035449,0.0998085601879598,0.116443146570828,-0.00856046799162187,0.181809071545686,-1.85920737807685,0.598225033337671,-0.981987759970455,-0.0468432396116115,-2.21131815880133,-0.269190251375878,-8.19056964584304
-1.10788355500141,0.912759635693709,0.852287856205921,0.326172717897845,0.498383166440518,1.11136404990625,0.922525694141536,0.581291331339824,0.77656910802515,-0.0277033693591085,-0.0600605349082621,-1.17944118128316,-7.89235979239248
20.1224317033361,0.155736846626448,6.27024427389523,3.57139642032821,1.92280746448704,-3.88404058603784,-7.91704626163577,9.62057246299038,5.01485636647763,11.0236862317658,5.2741666756224,-1.5131445563132,2.97092563085795
0.925307372177325,-2.70462353085416,-0.46436834992937,0.895313621623881,-1.15319020413815,-0.3590127639692,1.95266995946982,1.26550280773897,-3.01118665851445,0.563142495886219,0.256586227821608,-0.270803039047796,0.0955702498392197
2.97000017990424,0.126715417306541,0.0488944742605396,0.384000133723221,0.0692503891736768,0.243226201480675,-0.466171805628653,-0.16979545466139,-0.737143861199366,0.846681351749254,-0.877307864265295,0.993431005812808,-1.10999724209244
-0.476389214077479,0.282589964600755,0.436753877522166,0.296561551820641,0.533152811763896,0.0221247215739424,-0.382932388403163,-0.134309818261248,-1.32656008418479,0.210502057049978,-0.3917547960829,0.17768916068842,-0.349650740134629
4.24791456374042,-0.108386500438001,0.0659179283210815,0.166737805633077,0.0627944006285758,1.12666568554658,-2.04542174231695,-1.40883435982041,-2.63580606935908,1.87050700617411,-1.38838405500463,-0.0583027370880164,-1.87368214347014
5.33381871273165,0.0951507887020349,-2.0592351474181,0.0668514818844256,-0.0153473407661025,5.74251368168358,0.371015845731782,1.85040525279949,2.46492172602173,-5.01193375993367,-2.2036595526487,7.27617728270308,-1.66471748390844
0.585658865170899,0.269695666497155,2.55017889016904,-0.0497272911072843,-0.00759096891366295,-0.217528496161717,-1.26409639521,0.185377510048346,-0.0479080556857107,0.104485930802161,-2.85821040010493,-0.0448218317237218,-2.29068008705434
3.62624267000864,-1.7997254371077,0.0620152085506775,3.87884128885662,-1.00073491191116,0.277992644422975,-0.481275194337964,0.21215849535104,-0.05364033182218,1.03595107131844,1.28909467452189,-0.698800163329021,1.03340757499381
8.64291694495899,0.240785993594635,0.702730800854538,-3.33881520950036,-0.59865428842752,0.707247639724032,1.59625744867525,1.3943461271407,0.701504525366762,-2.84581580687047,3.02023116323966,-1.86266485553791,1.28067049693184
1.98241287530164,-0.668496999181691,-2.16996368269662,-1.55412900826337,-0.108879400915624,3.86969357674041,-0.183661270933972,-5.15992645515717,2.67464248296426,2.27080126895828,1.05734372699633,5.86629379883815,-0.0266580808049722
-0.722896688694399,0.501853045728977,0.0291113056187009,-0.046066166255368,0.371964685436149,0.424683897624474,0.803098055463753,-0.065719236190833,-2.36949515782855,0.111914256108626,-2.96566290964116,0.408239641917788,2.70972040065398
0.437002291596718,2.45060696025167,-1.47363132050758,-7.53082604319147,-1.78759677504455,-1.01904296004792,-4.29781473191977,0.0674910365831251,0.563995058008469,0.306489918878707,3.81407568767737,0.250162319852326,1.15697280128382
4.93859597899501,0.202919124676153,1.77354342689763,-0.38768135967991,3.27269906233342,0.442218454735364,-0.901326482877984,1.731724150488,1.38444308005341,0.0117081876530174,-4.29265481008533,1.11264002439731,1.97083620430164
0.347962929968578,0.22309324002259,1.70711038002087,0.139557356869785,0.336618210281472,-0.0981775698077114,-2.83388876219307,0.419825371032437,0.553658743336924,-0.0758404722225487,-1.07416972122531,0.00547977571747349,-0.392394540055123
2.29283328548904,-1.14334039839691,-2.00126866659481,-0.0974543670287061,-0.409816329377827,-0.596596968126531,-0.0580792160498768,-0.299448650470872,0.44429872763817,0.304514664189612,-4.76352359623286,-0.266197917733737,0.396703537282017
7.32558580296625,1.2679665516928,-1.12359968386675,-1.61602636967518,1.3544961816271,3.87992434862985,-0.0576168799318209,-0.22805870756017,0.962480620953467,-4.74078847614926,1.03495536304673,-1.83867368096759,0.415617963525777
2.00832287283311,-0.570698850330815,-0.217824985908645,0.370939235304127,-1.46879586231219,0.265081624566894,0.779770394256884,-0.486136777305537,0.180407885413051,-0.224451647897559,-0.433837503198536,-1.49831473256922,2.01412488808941
3.77119452742576,-1.98734517204375,-0.783735215244357,0.80216564530473,-0.310614978432366,-0.90784477578131,-0.493565524038266,0.622480149536722,-4.27527190365777,0.0668791850725866,-1.44835066930896,-0.313798277234608,-0.597485497701645
8.2433664435464,1.59087586268143,-0.460114223721071,-0.351120635127001,3.22694053137575,3.27901808748743,1.39442428366681,0.502000177481816,-7.69625552308322,-0.590286976952056,-0.445596366118898,3.44578450841641,2.55361192323457
1.12704911710255,0.143725549864063,-1.37009581909158,0.0345432079788511,0.260239911693071,-0.0285583440898428,-0.382930580284002,-1.0541344559455,0.909212208776411,-0.151591447913372,-1.71233700334546,-0.194505354833651,-1.44930189243723
0.0322323567073719,0.469765111140851,0.142395008656113,0.713173298555957,0.385769833960624,0.239944103543357,-0.523758999040629,-0.367956523655161,-2.77152070097228,0.350606005354761,-0.406208062890835,0.0357919116680252,-0.895991034577642
-14.3645746648572,0.0845356767605526,1.93051280519337,0.0864721822178126,-0.779792162792991,0.0939932168216971,-0.603555168396845,-2.62688104648404,2.86633349678579,0.222333944644269,-0.698452584189756,-0.163273811494423,1.4723456516838
7.15782246847496,0.426354763044497,0.241200603397408,0.301991905688052,0.403785802118378,3.17889834327149,-1.1555239570741,-0.0528309288653673,-1.47145858533417,-1.94498916085139,-3.22768074754232,3.76728123113105,-1.34077844882578
2.75417327509595,2.01668029579774,0.566936882463272,-0.244898955792385,0.966953756101412,2.01387578541697,1.1438111408312,-1.00579729904417,-0.241559986226376,0.137548203587682,-1.70907142382442,-0.452087865778026,0.441194857550724
1.36916942103959,0.362872967412562,1.00154545483765,0.267172317397921,0.601997454356896,-0.511436132643134,-2.45609005238542,0.164248537233179,0.447144046143458,0.409605352425817,0.652532507373938,0.571956524895028,0.357518846402841
5.97009301746885,0.0900673350801587,-0.371228280301464,0.0482537133487148,0.129875020042943,-1.67946675797265,-3.55160968225605,3.42003940622677,-1.32505850396681,-0.336983562586708,-1.54027198981896,-0.106361301081728,-1.26789404477505
2.63094754114722,0.67565500797661,-0.272875700389218,0.738454980783536,1.13265166765147,1.23552684856899,-0.146279135384103,2.59474811437541,-1.5750948660798,-12.1657258492225,0.771197710594881,5.04313561500343,0.701312330263533
2.14527671532576,0.308344485916078,-1.09658800192315,-0.868809186329375,1.52654889480879,-0.454231537554638,-6.3697588499792,0.965780177216704,-0.664626178250863,-0.34426711694966,-0.60403116373339,1.80999998829723,-0.257148128882803
4.14879401821549,1.38434827950422,-0.580625351531997,1.7698394657982,-0.0804879178902649,0.620519035698361,0.634619988023198,0.588803018237499,-2.14527273339334,1.81101631872335,0.424887059240931,0.0394679650495489,-2.9763747356961
-0.669898195883582,0.207499487861119,1.48251610933455,0.200305112537912,0.727732642729999,-0.148021094741516,-0.386292436135065,0.102402444538723,1.69521895076246,-0.336916304071291,-1.23687309769513,0.390501033099366,0.0986166107139999
0.217645914553577,-1.2676116797848,1.46152903088164,-0.170523933784304,-0.0184116768343969,-0.0980111959885329,0.277365361666047,-0.000235687937019391,-0.299191490492932,-0.313460486051512,-0.306866261906446,0.261333718696673,-0.625080153798384
-0.462188495796724,1.68491017003704,-0.270114526752634,0.895133974136644,0.942263925840252,-0.459515478859185,0.885098820292083,0.310057803920155,-0.646561644898598,0.477455195842406,0.0420966265184394,-1.21455171844104,0.0360699966738031
6.50831781261675,0.777916098332436,0.353860253708259,0.361266226475814,0.50342644315796,2.03602469169345,-0.807851604747709,-1.16817456718604,-2.29599606433113,0.709184325764027,-1.59789788995165,0.536385373983656,-1.19906842840163
6.68334475477458,0.389018866184782,0.408035335955436,0.230202391879838,1.70691890050946,-0.469728795325464,-1.57707467981569,-0.845574797287882,-1.74372848423183,0.11609538238444,-1.15992498143076,3.01647974129955,0.547975693421056
1.55104285228706,0.0678644296631174,3.89938222135119,0.110683738201286,2.75409440152996,-0.32046261981373,-2.13433815659088,-0.398287911567156,1.56446467682004,-0.752565341950886,-2.29272016932408,0.430920074778061,0.134330286909595
0.0382952976773674,0.737167742093307,0.832943885903339,0.581163720193646,0.720242279905496,-0.789033003546699,-0.00167162341190789,0.0419210614321788,0.0747367714672973,1.03118810051198,0.574625892256836,0.930563359912009,0.0074224063836881
1.26470950000073,0.180610254926305,0.131107305934207,0.0890795440925985,0.135282636485944,0.62505720662423,-1.2613959418208,0.510430583290362,-1.90128778824228,-1.36797001982006,-5.44249807131604,-0.0454187706748256,-1.59032718225876
2.63129437844978,-0.0199190057627605,0.893800965732599,-0.382131782238228,0.77533595345559,1.31323767052724,0.0125203037607423,1.09067667188063,0.546217452572606,-0.126487213527353,0.659893994648927,-3.75873353542951,-1.27681448616384
3.57410894584399,0.0710950253166192,-1.64122313487999,-0.19841164096309,-0.284635033342702,0.393246004365749,-1.54408231520691,0.557360958558942,0.635566300886344,2.26054207545601,0.126690502629907,-2.72551544591318,-0.672917115065818
10.4487390955094,2.18203280379382,-4.24208031396813,-1.02713920210567,-0.763984686347266,2.31187154022506,0.277482284710701,-6.58959630766419,2.9684837203004,2.71405980394621,0.687322503947569,0.118152369608459,-0.750441588625801
0.889673344446592,0.764543324078921,0.504890795143961,1.08684184415755,0.215294733804238,0.206210362665332,-0.823310598822528,-0.145580929270331,-1.48587826402481,0.170092942211067,-0.452607292288925,-1.37048080704133,0.641600948495669
2.36934253749753,-0.09360259452866,-0.168724104371207,0.195188586345327,0.151839070290563,3.16875790492047,-2.16493768843916,-0.801135203303748,-1.10659909290274,-3.69948674892097,1.03115575450165,-0.314899862869597,-0.83013090391961
1.04898933917133,0.826964983375908,1.36684097094558,0.0717140133253828,1.7740675918424,0.0670564942504076,0.57065853251942,0.407867661416135,1.47790791261932,0.257641469859333,-0.102423413236029,0.309592693894302,2.34472353353399
2.73319544125006,0.665427571538571,0.153725101316554,1.13962165909446,1.39461201114348,-0.361996405389338,-0.243427740426082,0.330288649486283,-0.727674917179877,5.60617948427353,2.6232297966368,-1.2551643320278,1.00486806110309
-0.141895008677416,0.34573625282359,0.454529455978072,0.132957959899684,0.398736920688206,0.300565228852666,-0.833519459126987,-0.284979935038295,-1.48183835532442,-0.100416488818537,-1.44235693898936,0.425056184986512,-0.687652584682734
1.37785310957525,-0.488441821442713,0.329871368877621,-0.175023401195495,0.350122560846874,0.512993999090957,-1.06605495068298,0.533450772233212,-0.203832193929199,-0.608011905519778,-0.0705012618909478,-0.044887898270621,0.255968742584264
-1.01179390644937,0.199763085702774,0.155137270274052,1.25532569628192,0.425100228031226,-0.228326277644409,-1.12002786173793,-0.16199160097423,-0.932105497481948,0.679338495783604,1.31471761019155,-0.135691663570864,-0.222722064430336
1.31624656163025,1.77734496959675,-0.0202233775072719,1.00895302647537,-0.0241196216559369,0.0577284362406481,0.707440266000377,0.654153048260025,-1.37688193980217,-0.569237128941558,0.801005603407121,0.761227288189463,-0.972553071966309
1.99103452201774,0.250010283785014,0.613176191807895,0.130657631448821,0.276453380543084,-2.80000881418153,-0.595733727221521,-1.43863695372004,0.190972639963945,-2.34776642349519,-0.952332984022885,4.83103195584388,-0.178517737604763
3.6533159455438,1.18569480277175,0.934822559500293,0.13500442299672,0.809007522857728,-0.586321312502572,1.22956348050154,2.00952807136818,0.701105267237992,0.912453541997704,0.0148679624889422,0.907448306715548,0.862438900369276
6.01614277675111,0.244392944382794,-0.556337051140929,0.592946341031397,0.696771364329929,-1.97848490104806,0.093035298049089,-1.71501720287009,0.68515195546725,3.61768113587109,1.10380870517208,1.18394303727157,1.31270338781946
1.84144081536891,-1.07102631100361,-1.29225762102393,0.490951506970522,0.662234547425618,0.491279456937386,1.20127640768962,0.344931507976355,0.519523615190082,1.4107298579225,2.12333374127729,1.62068388475061,1.90821260660421
2.48707853060925,-2.13221657473209,-0.386055697923991,-1.68275960198992,-0.272615721990699,0.562020608234393,2.76098261445908,0.364907123587495,2.73329202275759,0.933880108932475,1.7370827166719,0.380528398775622,3.07587499174018
3.52139153665194,-2.3881408237224,0.485945564567885,-1.16999650562096,1.37702535014197,0.136787623668752,2.25834137689033,0.123108702601855,2.65561206174205,1.85015723852972,-0.248252055030957,-1.24939176215889,1.19570351220147
3.08119394050236,0.879290846148199,0.151547191617315,0.229128853377969,0.516696531157316,0.624462768774129,1.66808190540436,1.61009368691994,0.334492727490197,0.522174463702715,-0.176500118290593,0.908537206331783,0.933409132258158
1.13619208236901,-2.30434071507754,-2.26613180772509,-0.409650442873547,-0.208638456222672,0.928302789822253,2.81956925397193,-0.138368768573032,1.56793847074498,1.22929131557895,0.531983743687133,0.677023764686995,2.36508729239171
2.22267705445452,-2.96524704568591,0.0425764444166957,-1.95797192296807,-0.999586044103643,0.590497399937969,1.58068872321821,-1.36854274178288,0.945766076554512,0.518524020079549,1.43687854583152,0.338796810045819,1.93425184469224
0.725458382720241,0.364968156938408,0.535160327122364,-0.448282035042228,-1.40737805424322,-0.691203384245377,-0.245492008385812,0.201823350841874,0.486689368288526,0.459133820113919,-1.3602692488885,-0.035903416844362,0.505367641162838
3.39194521564121,-0.828063926214584,-0.288693400754761,-0.74379060969828,-0.327234469171005,-0.420568053794649,3.26296390662689,-0.449123619474566,2.68822480485737,0.0160002826295944,2.16378665834306,-0.334424651113982,2.80456915217093
-1.34731349040999,-1.58246585413502,0.567120550114573,1.60380612712091,-2.61261517085928,0.169198401179299,1.49968621310595,0.15200579036537,1.45311042533446,-2.53925154756288,-0.245793847094188,-0.560906725621835,1.89150619721099
2.16236623151187,0.65495099824499,-0.334639214029838,0.485430510233016,-1.44290272242812,0.0631220801819461,2.60533989069969,1.54384289853466,1.0248381518958,0.471556007749222,0.958534590860782,0.216858865851111,1.70547494313718
-5.97016561660249,-0.46087802287897,-3.23179604430032,-0.0788327392785603,-0.218451852107868,-0.505529052823764,0.541110933185448,0.684367938047982,2.05129147735859,0.0523179743415232,0.584852583884606,-0.054795676266316,0.675819940623523
3.35128383558819,-0.0288836318001247,-0.0401240280076384,-0.402603899888209,-0.632997193199631,-0.688094700557105,2.80935800097538,-0.778931552489372,3.34978758088937,-0.668226163708278,3.31518920290988,-0.458963386748427,2.58730279950142
2.20677946099173,-1.58577576313327,-1.57340035032048,-1.16529092353612,-1.41235070023239,0.185610932228826,2.70860373899336,-0.46975454818083,2.03158724781207,-0.346932606686174,0.262044400461135,0.0815553159507723,2.88103838400468
0.89257890366708,1.10369696045654,2.20580998359842,1.37329293838925,-1.37804484769884,-1.29595221829388,1.21611872060129,0.176949803559078,1.21603196996161,-0.0991336208393994,0.879964273080123,-0.628084043842833,2.26759211773374
0.53592746717428,0.258915860914096,0.242844950694225,-0.318898994612326,0.275410654237024,-1.02641490489849,1.34483407968906,-0.798797598904699,0.52539082958343,-2.04683087102883,1.98704378369639,-0.214221973954043,0.673184893452776
3.3949255158371,-0.352520243734394,-3.09003605233738,2.72239927416382,-1.91281389196882,-1.4785144348104,1.66425938652661,0.105732536354401,2.19803684774767,-0.0497660473772607,1.55644464102115,0.675071637181553,2.11172729858896
-0.840371929081844,-0.265683164590208,-0.150005238286426,-0.010190243236763,-0.111038433093289,-0.245411613908584,1.31551099752584,0.261746256919539,-1.29767825123097,0.0544174984974138,-0.377757271589803,-0.0608891170724907,-0.0275989042103554
-0.626144458123718,-1.72474093268441,-1.1945871715554,-1.58293434635281,-0.715568794311992,0.638097793526457,2.85524304390699,0.990044719263822,1.97509361295109,0.808291534332898,1.06400702549962,0.484373027664102,2.57209995606652
3.3209150541824,-0.811567874205174,-0.953829527326172,-0.228539364004503,-0.646320279927869,-0.226304973442597,3.08218200765797,-0.367040085268835,2.30246052947558,-1.02353053356007,2.84108885917003,-0.310847788776864,2.98278790736746
-7.70513201197761,-0.387790396752251,-0.110510261723283,-0.346847777235291,0.738214545246522,-0.15939539332989,-1.04272997685854,2.29841337538322,-0.320209827043133,-0.126394331837674,-1.51794261319064,0.834821077709524,1.88969628149793
2.81383777992821,0.605775526559279,2.18178533213957,-3.34213147327734,0.539294132229407,0.549629631615636,1.49583008674029,-0.749184074758183,1.99487922409819,-1.33208789813075,4.71524032634385,1.07493727159579,0.794909804597689
-2.6542715036197,-30.3776061246415,0.606798393818454,-0.00830063110554541,0.04632419696547,-1.57639817546374,5.75723542788497,4.97540457347029,-2.64983453191028,5.18471436211669,-2.03421850646797,5.31533724300235,-2.48571005767345
1.88629626134264,-0.906470249308346,0.162333646768681,0.0135760985085155,-0.527093578937498,-1.43655733910274,1.45276984461708,-0.433432891936709,-1.08889617025022,-0.102320603701749,-1.00587941247785,-0.968269748177571,1.00192921832799
0.485894925988897,-0.167264041683071,-0.29583093869193,0.323104939279058,-0.204843040792022,0.579571968233663,-2.2551839445526,-0.00985379777288543,-0.200595947429971,0.788020984970226,0.0198701160234638,0.219645188178121,-0.541357239267859
-0.742750827940286,0.137644268019622,-0.193053737217619,-0.103556687442332,0.00721065879371063,0.0453656399714363,-0.897940300448073,0.0688089024281364,-1.73344907070835,-0.0147428471584382,-1.21611688975307,0.0729889965268714,-1.34541340456323
5.2793616154305,0.275956524968447,0.150186595740192,0.112553412122272,1.59794744971694,0.249268535992428,0.611370041606163,0.587250273753856,-0.386223176312667,-0.830194241642879,-6.81686317244242,4.81676357996509,3.98702377963684
2.28922036444033,0.241116598595568,0.0880005823799715,-0.567070867390258,0.130912641161865,-0.250481149376001,-2.52499124731785,-0.0781128857681192,-1.50531220328088,-2.20757086609301,0.548514802257252,0.714837352908393,-1.32464029680604
-0.367593873911177,0.315226609119489,0.0884765878258983,0.521208758306457,0.240213900283032,0.156430991413634,-0.136250389969587,-0.220854166066278,-1.42519645030562,0.135127487587976,-0.102166549794018,0.120583948013017,-0.170591498408533
-0.666080887304138,0.806273268375043,0.822009451289241,-0.159256875983334,0.983682405052093,0.171855838034979,-0.128375929660977,-0.337411717424613,0.637197273818281,0.157858069699008,-4.36521298173107,0.361330684971999,0.0956065796142788
6.35688101676397,0.0363625974458135,-0.0168629769892517,0.12326081483664,0.474261469939984,1.97040104251299,-1.37312756188706,3.68270063997171,-1.49241965639085,-4.2986633268654,-3.69688375726411,3.56808611131051,0.116782227144259
-9.48913624936654,1.33916022547561,0.273578037160367,0.0540209689089686,0.780732393770382,-0.116418820736994,-0.361823148034707,-0.0116402943414113,-4.87990583014146,-0.41850585079839,-0.288166404787219,0.00527567588307645,-0.294573586151898
2.28827134980044,0.327710026110175,0.185193147555064,-0.345664125004408,1.34736494013428,-0.0117067548521197,-0.936172242481699,-0.760310597918144,-2.91620482367034,-0.195312180911284,-0.571413477046113,1.17037157643805,1.27096548967783
1.18960966500298,0.113465556023525,-0.00101850176612461,0.762259133320196,0.125203860538862,0.222371243196835,-1.56710922806426,0.0845608282587331,-2.31751345201684,1.15077534029344,1.08772383078228,-0.147074076069128,-0.700403488342539
8.34069062120875,-0.0786735123545001,-0.226245161274249,0.465826463019934,-1.4206474167381,-0.476144911941331,-1.38636270845968,0.351242040093014,-2.05798034028166,-1.35030938127495,-1.7216033771066,-4.27434354432411,-0.142752662570869
0.568269009756942,-0.0313009293912372,-0.0273401414146139,-0.434328671543857,-0.0333967079478488,1.33637203008124,-2.33188637296942,0.925601677823422,-1.12259493837729,-0.414903257163703,-0.430711162225415,1.4901284566306,-2.27313204920754
4.48202807210932,-0.518207157375273,0.401588243327167,-0.778709470339649,0.463113063214975,-0.890624771449695,-0.33392192378255,-1.08630127134,-2.04696120612662,-1.70790824701348,0.0884229562749597,0.999129602348029,-1.53534408301456
4.85048944815082,0.770490567372591,1.49878206958769,0.267101466105161,2.61493663142459,0.181706327369943,2.18103084080277,1.82426912532212,1.10000401358788,-0.324851127463187,-8.38276805372574,2.97671933552686,4.32240046919985
-1.35179654382706,0.646749068507408,0.0622035141163774,0.113348339153083,0.706453929811351,0.812838552462951,0.517107660764891,0.0654576202096178,-0.747718396278314,-0.171964286810651,-1.32104649803957,-0.716928398848871,0.0768443312201946
10.5962487523611,0.160987918823156,-1.83972239974664,-1.85439476459601,0.186600719454793,-1.24675765454538,-2.10066928574801,-7.0141671749303,1.56940206402563,-0.594553558541174,3.37779917965847,-0.759861789032444,-1.98875535757459
-0.459883697394257,-1.08197388019229,-2.18025546229928,-0.972792834910161,-1.02372392020361,-0.0113208061378821,-1.921235876314,0.0412382912081347,-2.84990937972133,0.00940828275832835,-3.39509261349182,-0.139813835375381,-1.46251862499516
1.14367533322913,2.25955591177617,3.43333708135257,0.167739252717791,-1.57473640280132,0.135277952833061,1.12490516608486,0.268986848733452,1.5110831967886,0.0521889277023712,0.602980339841984,1.32398239326908,-5.14551646801235
7.11530431067969,1.23789594598074,0.548064751683681,2.44577591251455,-1.69494974905695,-1.60343165866881,1.24203661527596,-2.42919300874784,0.428288817930558,1.46013120085149,1.35855272087806,4.8592562815381,-4.84992050114532
1.5852082321058,-0.887606103069191,-0.543615638812829,0.0468020919732881,-0.0302723660252014,-0.59074422502848,0.0381794565960658,0.46083296225295,-0.433063434671179,1.42984516685903,-0.846728780901425,-0.180742941280309,-0.929408874010029
0.12269229538502,-0.171190665661482,-0.320445932957938,-0.112229228382696,-0.204092563496333,0.105844581880936,-1.99674842026169,-0.547383995092234,-0.642310102275465,0.289361432414161,-3.24859910013625,0.0996876361561372,-1.3630821580932
0.858318417633585,-1.8803288202435,-0.0560057201089508,0.577139348310006,-1.29662879522212,0.779251664080176,1.57305079557817,0.223122767723046,-10.3822535168715,1.36935383130985,0.0242088309783923,-0.388940950004088,0.982392871716973
0.808456155512204,-0.112582651036179,2.19203434504621,0.300175876460606,0.010412799889668,0.229875513127143,-2.59438706898048,0.216542100317497,0.427729855400105,0.262739186647613,-0.21449672468628,-0.156473580756422,-1.04981657971867
1.78846207315765,-1.39529046515856,-4.47831688210652,-0.293074086223512,-0.234976355837582,-0.837021685692631,0.802108184470428,0.0388285313427053,0.103570409717533,0.864719054966037,-1.43208743677951,0.950066855434549,-1.03389030826186
0.433816165756681,-0.378919440435204,-0.113456863945604,-0.116025294284564,-1.84147554471203,0.105912868017943,-1.35537674611679,0.0546359671802347,-1.24175285517997,0.0136751478575683,-0.711639889458481,-0.634404269953948,1.48706944042866
6.60687294048074,0.103465983450779,-0.16318044029147,3.5318355102056,0.0821448249465154,-0.576932959754589,-1.38882623316577,1.01462184634318,-0.717011402005196,3.17186764868844,1.74779168174986,-0.56202580041444,-1.29837315926357
-2.71756609252611,5.58052967281893,0.116734177030608,-0.185904683130668,0.122327932135077,-0.402329956936825,5.70356252958299,-0.00575229603773309,-1.85905944374293,-0.134025300015226,-1.17385055841745,0.00535880184634555,-1.71036238598864
2.75751323528875,0.935402992348689,-0.219553204943358,0.833761621394773,0.682628261547714,-2.81305931290898,0.630298763854185,1.46302057915295,-1.25220046741439,1.9284277671403,0.12498267055118,-0.263062205054459,0.059070201847
-0.977640480456894,0.132275905139625,0.759354984712733,-0.0620753936461177,0.000257090460017116,-0.0630220841983983,-0.808492716833538,0.0299987022310554,0.237173220562879,0.0541189068119936,-3.74352509668216,0.348447884148601,-2.34165754040959
0.0590367097977055,-0.343290223580129,-0.127637455607926,-0.361840123867672,-0.307621225077765,-0.029863552176991,-0.0514196104298838,0.179923280001574,-0.189303251218571,0.522518266742569,-1.32070572662675,0.113089918327467,-0.0898705941125987
1.66203142518737,1.01069184130418,0.36704187217331,1.60848727305972,0.890946681739885,-0.986057691749505,0.666701041575537,-0.0884020593922401,0.0726764645545852,-1.08893552493222,-1.43967514798073,0.119962377169079,0.674033941339576
3.57243354568581,-0.00778186895460788,0.0974211519673585,-0.0616335529249659,0.00860695883700603,-4.8109371439963,-1.66544726544227,3.98769562080752,-1.435232823019,7.58347055373215,-0.716827340774078,-2.9859086088875,-1.45034646132724
-4.74214436569871,-0.554569159612546,-3.28138162017691,0.0627955887774666,-0.254992069342179,-0.0182665455240908,0.416805179757817,3.35708507746837,5.34393294294478,-0.653200746643572,-5.68479085116694,-2.30422358155484,-0.829003526780298
5.06469825816651,0.121738094600822,0.103435740590642,0.410859514052734,1.73477601375562,-2.03156731604792,0.306879517803129,-2.8451753338746,-1.4952236676726,3.48000408763789,0.92590824802106,1.74926231989675,0.779263963016525
1.71936327496985,0.483179402578765,-2.13092211398065,-0.141733942817584,-0.0868370898865643,-0.113931837804839,0.535549238550812,-0.715149976167849,1.77729346140929,0.131456782716622,-0.993535143547736,0.506821832530777,1.23736660079233
-0.232299362944613,0.248459066002692,0.022864203191208,-0.00316880236626875,0.146278583845406,0.434786153302457,0.266722179116335,-0.920439221435233,-0.62436311811027,0.773591082052855,-0.642808955143679,0.367827599941789,0.201460510669024
-8.31248268120017,0.167957816128808,3.45119846655878,-0.110931555546353,0.664318153575989,-0.983145120866789,-3.322701868389,-3.27575630409391,2.58783014982337,-0.154775602692339,-21.6381271722209,2.99464177549172,0.28722763445681
1.70119775874008,0.115220507158486,0.0653047244508076,0.0905038956096269,0.268029360358807,0.0166642057814186,-1.21153519273456,0.174850141892731,-1.62370407581365,-0.840431186615072,-3.692182394385,0.85194555745036,-0.799978805878338
2.74762694064813,-0.295260292334453,-1.79136982765765,4.45670554019405,0.0929218740253073,-0.591688796836055,-2.38692683818493,-3.30823319690911,3.16474244670764,4.57919564147207,3.69312577529784,-0.0363430839345735,-1.11136230429749
-1.81161132809726,1.90571906319101,3.38539590964504,0.275701027651861,-0.715494300373598,-0.0999778010689605,1.1823981737284,-0.968161564678088,0.973617822008255,-2.94943602488927,-0.658993851411969,2.91948274740106,-3.70421522091983
-0.155656953575873,0.424431581084271,-1.61334263968013,0.558620872435212,-1.41179708238071,-0.405864622030549,-1.51107539962138,0.334318377726539,-0.0170504029487917,-0.301511727291262,-2.62468285404997,-0.626621983476727,0.292627552672041
3.64071652921166,0.731370316705256,-0.214194901136124,0.644806807666169,2.3439960034615,0.0907471129254089,-0.502961236052642,1.22957517205618,-6.93491554213277,-0.886396100538083,0.0483099479566477,1.4595329332297,0.356524578753214
0.319256218102588,0.780641887075945,0.819459689450331,0.483832419097948,0.892007004077024,0.266805329211627,0.117954358406074,0.621444792500027,0.394440293148652,-1.68112514553136,-4.64902314443283,0.0587420035534179,0.582818865859289
-1.29650557583486,-0.285124205775088,-1.46213668164518,-0.0413342547387555,-0.0653945551387579,0.085265534683214,-0.987335212563759,-0.338191511238213,1.81076629788508,0.00783318819087897,-1.21202630329517,0.0433823001453691,-2.01280747224141
1.24463797883389,-0.0356927252873813,-0.848555637318996,-0.11673918042496,-0.0586486119926512,0.812400473554762,-0.564981411325145,-0.273718422620836,-0.017150082700466,-1.04824325585398,-0.018846006322987,0.807362065495838,-1.76392623058004
1.32864028681276,0.22217330262693,0.462698675876376,-0.174725751686553,2.09706891214874,0.736903106909831,-0.423722093936902,-0.210699780354199,-0.0290973164711538,0.626032887403596,-2.16569893746734,0.11533380564977,0.0358378361764423
0.785188553232383,-0.00148760325296192,0.0112120950026578,-0.258873041620664,-0.109278235523558,-1.05275547402222,-1.03598818845796,0.964215023106668,-1.33431680612225,-0.363491016731682,-0.301814486257398,-0.28157305854296,-0.188226146504472
1.01006143020116,-0.916686222122121,-0.416959859326283,-0.144372492550753,-1.32703858546953,-0.55921347740627,0.871377338701857,-0.375589404907827,0.0941113392908079,0.13691125555392,-3.47754805975225,-0.519919478777556,1.15481696539745
1.68999057350693,-0.631020546854601,-0.760080589728814,1.41606203733063,-0.947930483510862,0.19494615846163,-5.81119420004343,0.286705897202715,-1.14643542989356,0.518567531626877,-0.594588273043413,-0.152977947518284,-1.58491582694651
-0.12424136778575,0.0746308132074635,0.240853501340718,0.336368277763283,0.373652750972318,-0.137692596024031,-1.72511188050326,-0.334155478422676,-1.92185639596782,-0.0499848174420184,-1.02470537791313,0.46039245100619,-1.01134528415551
1.15825057529756,-0.540084280537742,-0.481722864494474,-3.19873690922211,-0.854027879340281,-0.596474487379002,0.322293335672912,0.299566929638244,-5.20130937377357,-0.295435171803448,1.51995144666462,0.139664474354723,-0.315908116246949
4.99818031180422,0.876769766724808,0.220516405643826,-1.08533864056199,0.0419532148035638,1.4849236529405,1.21421755041959,-0.692884907066848,-0.241670839169725,-1.93247670723927,0.529158320327874,-1.08850836636918,-2.64472765339073
-2.94764252530456,1.55152638497609,0.579293607742812,0.81110553808273,1.30133883804545,-0.0846578084974489,1.26051400724945,-0.985959532840802,-2.89754834203924,0.174756505278352,0.911852793750074,-0.125680701405183,1.15716945351795
-1.11174317848139,0.237470985772157,-0.016930302591511,0.0960785447839728,0.0426588178139442,-0.609557232320678,0.0926131368231772,0.702320604711847,-1.21612287687428,-0.546096000621385,-0.0949204571810526,0.422845894272559,-1.15616318180982
4.45535208045954,-0.133753406811585,-2.16733728735139,-1.79684376394603,0.332438086622317,0.849555851802428,0.116554226796054,-0.944339986871438,-0.0494665316426599,-0.496379104717323,-0.757585608361378,-1.16869481479583,-1.55671618037208
0.446148606858036,0.43947035114073,0.508745131341368,0.261187006077001,0.0967290393490051,-0.376935695183978,0.211109958802384,-0.127365519965594,0.233050974503533,0.0550648505567377,-0.513414959879513,0.755181116696269,-0.0871178860225173
0.110881747512824,-0.00115051605932416,0.645583926403301,3.34111775927257,-0.723155959138332,0.0108039773082749,-3.39788289402949,-0.180977132573364,-3.34087194934138,0.368286019071756,4.18441599223591,0.00842947327030684,-2.80982950394062
-7.88217108057654,0.723626798309328,1.16955838407727,0.095525953329909,1.39265715752312,0.0508904375744936,3.08757557130168,-0.0305161470091992,3.38690420621768,1.44565939588607,-35.1417207728748,-3.58640557305981,3.1688064423967
4.32620406014856,-0.0399449945754565,0.425774132976621,0.740468498040363,0.234005123994337,1.21199172940073,-1.34289762149801,0.312292483762279,-0.87255920972927,1.41349966916742,-0.263916568839485,-1.18386105285603,-0.939474143656288
3.42201520182156,1.74943204253043,0.990398528717744,-0.18534992123605,2.56943187544469,0.19620961772817,0.886181804431408,0.166046832895989,0.78294505077161,0.999036690648784,-0.706484831548043,1.29959138751687,1.83527098827161
4.38164952743402,-5.07144909588032,-0.715810006083443,0.707956866447021,-0.190810562361948,-1.78776586712211,4.37949388583094,0.235339527247701,-1.54904464725689,0.309158881613883,-0.382832432423831,0.0762791062276857,-2.14034974440463
2.24219732273511,-0.495614953413069,-0.546538620287876,1.18500591650394,-0.283416792983295,0.0161017772891984,-0.447607150004879,-0.0809457250794296,-0.37148121029253,1.17184850011465,0.309301511608897,0.352595943888874,-3.83955589144061
0.566249737649903,-0.246021864053981,-0.545665757217799,-0.0915910754295826,-0.203420607645352,-0.0168093733970169,-1.42172744575838,-0.5055201257944,-0.547199052809832,0.214868875976997,-2.41116513581464,0.143235826130991,-1.70363320111177
0.0168540532546668,0.700685618773008,-0.050579993622142,-0.79139268370337,1.14036678062753,0.0151190634090165,-0.656269842877678,0.381090547080447,0.443759174794849,0.00799237533206104,-0.55045708412557,0.0631760902183109,-0.477072252521171
-3.01844594144383,-1.18300307934471,-2.03045060690379,1.49142088299785,1.70730280196845,1.3596472891513,1.79915021088974,0.969894188279224,1.8266105203935,1.40600183773908,1.71291824419887,-1.53908453499782,-3.84127210885134
0.612541239455591,0.326853851868478,2.15467783089084,-0.172061630962119,0.289109751883818,-0.428268992205421,-0.0983034547247451,-0.149642782633115,2.16140826105771,1.60653289947163,-1.39219724229105,-0.234002178506869,-0.905314535375509
-0.495344180077522,-0.117583607057206,-0.537923091990916,-0.402699635796505,-0.0320019214380748,3.15223782260642,-4.05064735245177,-0.0270198503821935,-0.713922801498328,-1.99427380445422,1.07394804140956,2.26227311138795,-0.781280501099905
-0.415827002042587,-0.0269275601268274,-1.2725044498814,-0.00735513061183635,-0.00871698002720639,0.0897338502722366,-2.09609974355627,-0.00766648890512468,-0.497286661800461,0.175612530213765,-1.72053796989154,-0.34230956704269,-0.957064524725608
1.12079276526574,0.0774784628452818,-0.452814307975593,-0.050666505478409,-0.0520860364308346,0.155992950251169,-0.545934383658763,-0.795032074260225,-0.0675370702434153,0.199015348501952,-1.13738922391627,0.446971775608387,-1.32429627599456
0.980371070700572,-0.035052969758177,0.0551703866574721,-2.9536622943746,-0.106814504062634,0.377472233263053,-0.408049222762622,-0.176522904620237,-1.63196510197108,-0.629160371588331,2.5450448077784,0.06539951508142,-0.391641481781391
3.37416323426232,-0.136839094736983,0.648485040310442,-1.04775128963134,-2.28439245996055,-1.82740379333788,0.16986990744802,-0.00393200555338219,0.70930870592973,-0.439079947307727,1.13221253871044,0.0979641319917808,1.36361723900716
0.233847428682919,-0.0527872069331692,0.814420930000397,-0.460555012268798,-0.671195122905746,0.164156477299096,-1.42923720000759,0.210101800226143,-0.436091012912053,-0.186062460846585,-0.638521956980527,0.127131955000724,-0.924970032415021
1.37568787775012,0.20316273657239,-0.559748164519265,0.205089208164041,-0.0517442257948928,-0.506223921109347,-0.633305904251045,-0.549265702478903,-0.409789343110236,-0.489442838710159,-1.19498820805956,2.08466735722367,0.78506061170596
0.970402529791709,-0.0674262352942776,-1.26028946285335,0.197936478843548,-0.0357111491055492,0.833166358173062,-1.28927122961634,1.36978658410254,-0.32720361120781,-0.127723763815247,-1.03564697710034,-2.01493805644237,-1.43065565753191
0.0339029871961303,0.797159338950192,0.427957093475328,0.231392416561933,0.0553033037284738,-0.11398457105891,-0.48909716336271,0.392194296845118,-0.47138972331136,0.111032584954004,-0.384997617221615,-0.315270687351883,-1.28763166480593
-11.3706759460325,3.25850237978184,0.135060249681922,-1.55144630365517,5.32338652607297,-2.23172566349942,1.25620363804674,0.0226167259312733,-0.491938216271825,-0.628755030479926,1.6622217100682,0.00674695352991679,0.202463687627239
1.4183885834366,-6.59155894844627,0.355966694385131,0.218293362891034,-0.574830379013377,-0.315212093998505,2.64639025132313,0.0915854323559037,-0.559209995969296,-0.0816230735123027,-2.80930805417253,-0.0486377223684074,0.918450555258914
2.56125305999554,0.289117287573602,3.73873744107932,0.169757555070556,0.4142663066464,-0.453658842726779,-1.93786016304379,0.944167003224789,2.41939500131662,-0.145981193131709,0.0566231004906002,-0.109852331461049,0.342093545639679
-0.280742017918287,-0.114000188861481,0.626424651234699,0.712648656893549,-0.0511566693718398,-0.339332397202464,0.250864257140879,-0.206786371309233,-0.42898500482997,0.36948226104422,0.149978018198288,-0.250864045191019,-0.0121176887802595
-2.92879675360686,0.400098071163428,0.0390009485900924,0.0272598972994185,0.349266541674005,-0.160107315675729,-0.17891179212038,-0.331797857386055,-2.34922439800298,-0.290825093711454,-1.87327777272216,-0.1750767854357,-0.0819157562692837
1.64591099499982,0.0140116295650726,2.07462266541075,0.129647282515353,-0.0042957603577112,0.473841795272686,-1.10275436059866,-2.16953992194784,1.68661196115421,-2.67464255288431,-1.41321986031604,2.3900504184278,-1.11344555933085
-4.71409041645817,-2.14575616672485,2.95178688696107,2.42744791640337,2.60960949284291,1.96277384437976,-5.30230089300596,0.533228311554921,1.30897647619808,1.71574488867098,1.81911044474149,-2.74439664357552,2.61943258608391
1.79363154725215,-0.275688862675723,0.636238258134589,0.86379781068208,0.37743231453076,0.317562102997846,-1.87953954832453,0.548436117262419,-0.44575420777827,0.514705579762178,1.23584050704312,-0.138156515605413,-0.664327471222376
1.90222967394256,1.79241373975041,-0.180516510176123,0.206477135833219,0.118372413051247,-2.54121130384741,1.75527973187701,-2.39517257308984,-0.724133166063017,0.866608218141954,-1.21936301568008,-2.09180744347659,-1.22923560522784
-4.06344026638569,-2.65289903802202,1.15931376545524,3.10115055581168,0.324163006056734,-3.23035197213465,3.58740052083949,-0.318321095436419,-0.418453519409638,-7.52039242642971,2.18489323672609,0.721603594658869,0.197860728230104
1.06988463538607,-0.00304841308199711,0.0618605831438396,0.011081353898868,-0.0805219235601987,0.867292638933335,-2.27527870848496,0.69357872694804,-1.01278836484604,-0.693343092478156,-3.31374507599982,1.35665516017428,-0.630000161717314
-2.02487543533633,0.174148285973442,-0.603386155877249,-0.179823996708474,0.585135470454824,-0.325604493371402,-1.51292551337074,0.154452345518317,0.0889651254916989,0.135638707914405,-9.92535424457538,0.873773243097971,-2.47633542526565
0.682023609549771,0.489988094848858,0.0884194463155359,-0.293107356832097,0.318663585935224,0.530528992847123,-0.209152440806492,-0.154551573533388,-1.40983827543754,-0.654764500239136,-0.586433367898717,-0.569183412921738,-1.66673851901348
1.5237095261318,-0.1215529220945,0.0384342542243638,-0.400317070476995,-0.0765573700527739,0.751376030841559,-3.43241814327938,-0.26373866876655,-1.57391299673535,-1.00259830546245,-1.22021189222578,0.0492694233522224,-1.18904250304076
2.97637512200773,-0.105332136835375,1.32271166108637,-1.5598781630424,-0.335245631691598,-0.392277351312108,-0.276381816876853,-0.32496790712595,1.24488850233347,-1.42741313926099,0.772754838547574,0.742397821057863,-0.799588137991543
7.51836552900902,0.76229311319619,1.72150578452941,1.56857023192097,2.16872873349781,2.1832904954517,0.688604938644577,5.66852696514374,1.25372116498059,-6.50225113612083,-0.215723434287699,0.50826424205966,-0.000840639696185098
-0.330678834410723,0.136035425825037,0.119801427426886,0.515759551593193,0.916957052356652,-0.176425724967532,0.198704840659244,-0.0600130318964163,-0.189973049853533,-0.197699956118658,-0.748932942851981,0.659103773900995,0.604995253304769
1.80671970904155,-0.4162707807027,-0.503930040489936,-0.300381183976951,-0.189295401191795,1.18507223803187,0.249700659025205,-0.476084351271419,0.0819102150170511,-0.865994091734304,-0.839568967993439,3.48226819768522,-0.682531251202571
-1.3682480503884,-0.436377335603366,-0.0517123699390656,0.512596154921814,-0.265230198819541,0.0944981933576491,-0.713931749718699,0.0727682521165157,-0.773524877598584,0.0721744475090122,-0.579787032519861,0.0452389090098424,-0.621854924313438
-0.0614562475396025,0.153300395303329,1.68931687891209,-0.121030644046557,0.0354329699485928,-0.0157622786618483,-1.31061946751116,0.293923258991347,0.770301695147101,0.110049567803677,-6.47483386179495,-0.0183427245711045,-2.04848839490687
-1.00534554192385,0.0851043575038716,0.649319217743502,0.170429464670122,0.0460177832412978,-0.0604861355189232,-1.21567567740558,0.246446448410598,0.367622477217146,-0.0260261231742889,-1.60508054295402,-0.0875344742374501,-2.18026345951058
1.40544665659862,1.06205562466715,0.583084316392194,2.37490849418728,1.16217772472746,-0.0730528894425574,0.882755675893125,0.860227567140576,-0.0604626739441644,-0.689004677475164,1.86123992294945,0.310804744722786,1.04034232808543
3.27599749861881,1.08822769255492,0.624524599162295,0.861896070153307,0.320036520697364,1.96539459347879,0.95058796304095,0.428970701482312,-0.0590204704752436,-0.482156430050917,0.278475464778839,-0.500453998985775,-0.780525267025004
0.888021499072831,0.0548389589824064,2.18761878464705,0.0843018013305976,0.247289577886065,-0.411097099748908,-1.52516245355195,0.140940020632789,-0.364568759741696,-0.540477623492693,-1.42883622393881,-0.0954580372342856,-0.0689534284331912
0.731576864931888,0.145271421698491,0.116030025420748,0.120533289311365,1.33826052969551,-0.0921675843862636,-1.179656325368,-0.0975566858927354,-1.1685593085691,-0.215115108256481,-2.29045323673524,0.355917444120484,-0.211259631640385
0.445680612297789,-0.268468768700235,-0.220857543806679,-0.110917654622783,-0.349664295786494,0.357817411025624,-1.75793407008711,-0.0298340191084232,-1.18948439708978,0.34956668308709,-1.86560832791776,-0.7379885434317,-0.798200634333413
1.25009785091864,-0.925539839000357,-0.0981167745719205,-0.939040298161468,-0.472975545858157,-0.399470018850865,-0.148633568240207,0.0941828128375931,-1.98759325821433,0.0630781399827806,-1.84707477729007,-0.285133224705015,-0.726349000111979
2.73721874195189,-0.0156138361565521,-1.65440792788579,-0.243964293777094,-1.3446174289494,1.04446971054001,-0.56439185198816,-1.09048405535206,1.09540887145776,0.430123328640165,-3.39830822469963,-0.771773333811728,1.20603175088931
-1.16606292807259,-0.066276896806702,-0.0603776187019121,-0.0442597736129512,-0.159539528496413,0.17469001494323,-2.71696523441596,-0.145301202055596,-0.644039976272548,0.109814484456951,-0.464145777664245,-0.527591991190584,-0.0660929866722992
4.29204447360459,0.59277592241636,0.487190748115211,-1.56022797401733,0.255593392841836,0.560768894339077,0.145212121866721,-0.106500689907543,0.199639408077817,-0.464228716836923,0.268278244359851,1.10654182057542,-0.904106591736818
-1.899887841221,0.362699024763676,1.31290765338301,-2.6657470716469,0.2080276965026,0.39532314918696,0.817521221513953,-0.0305352331911547,1.04214272127044,0.314949052369579,1.40031136579035,0.046434201332568,0.726843639535927
8.21754206181201,0.366657611424763,-0.0785871732700781,0.948102362694036,0.145216886210713,-0.984545357119306,-2.04425007830448,-0.264742680058108,-1.79326771137501,4.04911423401605,-0.0270645285811447,1.30583305421773,-1.06824310280026
1.21863033802271,0.64526984800407,0.336961034830756,0.628473197194279,0.666500698733935,-0.0696473464753241,0.245682347395106,0.592650605492571,-0.0133022433464502,0.494065322841531,0.204148463162246,0.075537800084778,0.10749235108633
0.692688986226976,-0.100486196322764,0.183708619457044,0.488378815898397,0.0522077018478652,0.17052584337827,-1.88523729954668,-0.129516051075087,-2.65729854115985,0.59834433672375,-0.591231710302657,0.081360228503778,-1.5085227705803
0.844977328613813,0.416500194280825,0.115326397296742,-7.35337798357249,0.0386593581266718,0.365210929782954,-0.153706996853395,0.750854827564162,-1.28136097795291,0.699332885942742,3.78852736766556,0.892977927533404,-0.841925774220719
4.30062069405804,-0.141712857732375,-0.136256108300978,-0.713532181241228,0.189145240400857,3.10351409325765,-0.580632517451009,3.04872353354662,-0.616991829015529,-1.65736835837847,0.492227242976839,-1.83172375113111,-2.0386509635366
1.14387219143639,1.42370473435686,-0.00767030514870408,0.0325754057708532,0.850722197500154,0.0272124105691399,-0.0714209031946914,-0.22081223522588,-0.79649968791162,-0.0548627930003839,-0.711027581587775,1.25139150178946,2.01231291565909
6.40478241983326,0.366275547713264,0.138628920711475,0.882549894529619,-3.70838196202211,-3.97638674246265,-1.89268377328842,-0.426040504389097,0.0470386599096656,-0.798927772968387,0.0246592138908962,-3.69872488620364,2.32239321250621
9.95334244705036,-0.62696293421548,-0.72822922369011,0.268144852163037,-4.38715049721918,-3.07291141312413,0.554606470912934,-3.77533908935861,0.808950820703344,-1.62677116095454,-1.83077212041818,-2.01982074947681,4.37988944058759
9.75648466455996,-0.281863772826346,-0.623440316762598,2.45099740215523,-0.332082504088931,1.18151444827021,-0.190486929044312,-1.2853848564999,-1.37942299237521,3.74823840387141,1.14239524842539,1.95164227884772,-0.0777453360839082
5.29823664149764,-1.34941188165922,-0.26576450389203,-3.02657165944994,-0.548449475442683,-0.467839844127591,0.236196694180827,0.571584184759448,-4.37544711777746,-2.50366308432417,2.23684214539976,0.386015518127075,0.550393275379674
3.1234982945544,0.293300953375302,1.66437883942843,-0.428234278940129,-0.0262902977638304,-0.809808230683314,-3.62549263335735,2.28582006721023,1.3143342469353,-1.03036367041337,0.69556555061148,-1.27350650461366,-1.08051033075883
-0.0238746636710461,-0.0301395611534571,-0.721766684353979,-0.102953890597379,-0.125786238443885,0.0371238174637998,-0.179647582722407,-0.38290672278683,0.1068254705545,0.167775891879496,-1.92267073912753,-0.0640352044763318,0.0243582340824028
-1.23026627562236,-2.86087336187216,0.746244983805625,0.388658942648355,-2.16802712437607,2.08116525766471,1.68370115336947,-0.268476432372823,0.737370276167637,0.236030903960541,-0.085975337706165,-0.448979474413031,0.904411416928019
0.500457460495921,-0.189614773012977,-0.0601601284847266,-3.14301485762038,-1.23401048133611,0.0417583976083012,-0.0857297949556716,0.371797303253186,-2.35292511479854,-1.09587866396603,1.45941289394508,2.38608894302196,2.02381633795408
0.692960344641904,0.817260912424284,-0.070337689358824,0.590080676479842,0.368093565698243,0.0313304496185417,0.299843281157886,-0.0852312429522935,-0.380757593027425,0.110352050289061,-0.220591465306629,-0.90606046081743,-0.63265829473161
5.81945156352405,0.483894456673614,0.187368846866049,-0.360390522166176,2.12125568503383,-0.980706542554612,-0.796610518333585,1.62442844061528,-2.32657113875323,0.36931441427072,-1.74645344058197,2.55506267560642,0.366282701613386
-0.193528695981893,0.252940724797394,-0.0910159675501663,-0.275611210518926,2.27748593080526,-0.215718393243016,0.137184880198791,0.0458301443691932,-1.75423871322125,0.202908220001677,-1.41337092610559,0.607307767413485,1.9934364267128
-2.51392910217244,-0.0879207103647832,2.01491044369509,-0.0939803147624038,-0.0482934619878184,0.247610190401798,-3.37270539770593,-0.235275643246887,2.08255069939983,-0.444635828561765,-1.38948951278127,0.0908664977527545,-2.45988328953237
1.21236235343445,-0.123247570822832,-1.0752077579527,-1.10193277872066,-0.15651596541949,0.0185394713790331,-1.39740604695837,0.072397016990378,-1.22489957562039,-0.787156698623439,0.33639907484563,0.0194619357585491,-1.39701494127747
1.57383782217973,0.712945212760912,0.80485033640721,0.343423486267126,-0.45058280443425,-3.57524557387981,-4.28481400671016,0.443834650217379,1.07989658982885,1.08181189714503,0.654266705935076,-3.92170008572498,2.83528915973749
-0.936371194207294,0.268770430465819,0.48038175425787,0.167604305055985,0.154336078086516,-0.056622606216713,-1.48700244825393,0.265132829918468,0.17707270164096,-0.0761860642956524,-0.425054923861694,-0.00704351730792641,-0.766595888106776
2.65877612008956,0.110868981391305,0.0623934689124632,0.158251890845808,-0.0294508181445838,1.50935639162439,-0.840215851548979,0.744334575831138,-0.819909928560833,-2.06814417605003,-1.44286755197888,2.07532161541403,-1.00045926763852
-25.9398056131092,1.06089440014724,-1.24498638962504,0.499059035971197,0.265419196922141,0.159633133019785,-2.72421009210205,-4.85233263295041,0.261776900607434,-0.139034832006195,-1.56971554490528,-1.62142617425616,0.473953073805303
0.370091458409532,0.378607625559404,0.0947973458739571,0.430924961783995,0.343326649274553,-0.730844965834902,-3.89161066678826,0.549626091829751,0.306077466982069,1.05068930431175,1.23036836542442,0.439473192895864,0.215286256863288
5.0974581910931,0.0394270165328606,1.85800368612799,2.30461330351887,0.67125681378516,2.3949547011835,0.319553460499668,1.21273972032782,0.48195604794292,-0.955126008948192,1.6025710966445,-1.52327367371833,0.532805446393607
-1.26925308745448,0.50150043959006,9.79067306122758,1.35375690823201,-3.52368908511963,-2.05032212207116,0.275525175616615,-5.21743567554819,3.13706625989974,-2.62628659284745,0.829640058525874,7.79591426122995,-14.9183782144104
2.89976299902523,-0.262393263011047,2.34712504155797,-0.37433700565574,-0.865616213023546,0.218104282424302,-1.20418173706545,1.53643988781984,1.59201682746239,0.243941706197352,-1.39079990805327,-0.115816440407582,0.0421268193504959
0.513471746271497,0.248511024372502,0.196965265949591,0.113881009104474,0.249087842561413,0.529791787040311,-0.906906897304443,-0.241248381565438,-1.8897693307177,-0.121011131683777,-1.7325738779103,0.312464208817451,-0.848903162918911
0.150794317234858,0.688383394767034,1.29675228573259,-0.123680484610533,0.740212388267484,-0.778265077396361,0.410389647751873,0.385965494306744,1.11770554199577,0.603279981575777,-1.37377263692843,0.389405482867711,0.531178015301429
0.170639286394038,0.0500034183196919,0.734302404244558,0.469978854438217,0.656889757415963,-0.828334878918086,-0.639640562516572,0.219543488738408,0.236392343387992,1.02346483071815,0.0560771983285456,-0.187630398904137,0.496419383220861
-0.476901407080469,0.405027638744267,0.101241264447456,0.571730188086519,0.343885168200644,0.295975507057574,-0.251593893053699,-0.365151038427824,-1.39587556117429,0.498715203998827,0.417354046903595,-0.289449415440615,-0.744482596526177
1.52646087675684,-0.214185394225163,0.302328250154813,-0.0433128406667968,-1.59102385128174,1.88485156508464,1.22827870293407,-2.79288818641754,-1.73816674254944,-1.69743266084213,-0.281925462925056,-0.620838533888384,2.2254861192156
4.4216343285974,-2.51863977473169,-0.220230944783074,-0.682487748170706,-5.14569548768256,-0.369443479719647,1.26247559518645,0.144380057175256,-1.65594991588488,0.168428423183047,-1.14591813801489,-1.30712412422631,2.61658960524235
3.23080900795475,0.891408362772822,0.627959241156126,-0.632604723738764,1.31770575465828,0.762308930634572,-0.163916831138242,0.380774920632689,-0.59144296918488,0.382124866118374,-0.556811936132059,0.525303267557228,0.280211108735435
0.662777817067711,0.507056603353754,0.289910777485655,0.271986645369976,0.273196164347551,0.550121955947582,-0.158008176779885,-0.17862494941603,-1.79079345543153,0.128822465712087,-0.805474787444916,0.249057336370246,-0.709907443688916
0.453782984015985,-0.306596097652007,-0.426988423086069,0.0668610360049895,-0.303667962698383,-0.0891475188542039,-0.129575520894364,-0.196369711341789,-0.292084623638569,-0.5011158713093,-5.06745816002068,-0.182437797794208,-0.233433909507703
3.1800799236911,0.458310453082385,3.08603352320762,0.588280785617506,0.56825398923261,0.706291828749683,0.244989684912505,0.536004660889385,1.53412954976198,0.8292587856588,0.404879226187712,0.566713892201802,0.404847623908933
5.46610195058255,3.49863633692706,0.243478261300333,0.0212048093636464,1.34536604909352,2.11799375121272,1.43514460407814,-0.472717477874951,-1.76992040021829,-1.03469055834984,-0.300205047481391,-0.0225270388295161,0.378270918658689
-0.718164030603282,1.01043632268723,-0.063505090227046,-0.0576837850424876,0.881615596739282,-0.283793996977356,1.41426586179163,0.289623678837329,-1.80143326877941,0.0738279560520024,-15.7580903993771,0.431312303307519,0.658299066555441
5.95752312675883,0.707812829234976,0.0869749365349069,0.00964633190697345,0.375584137479096,1.60007335000665,-0.315492825711478,-1.04953610883588,-5.21208323152404,-1.0048270127699,-3.60247565196848,0.86894773817818,-0.615517278091748
1.73939616771515,-3.58660718597163,-0.267489777358006,0.650326023802119,-0.35748885445603,-0.00145267473298815,-1.44624830637499,0.0377706327946067,-2.77748982662996,-0.297137605130483,-2.93797384676456,0.0537410149214629,-1.66911342105642
0.340070391261054,-0.464513112590818,0.168995961660338,0.300388772084673,-0.545054115021859,-0.175691995416525,-0.757210748655152,-0.14378690506032,-11.2024156999136,0.474269014253478,-0.737907593059581,-0.424392528869845,-0.0113871154808897
1.90631672476434,-0.879710328013281,0.500107106636984,1.30765624373552,0.225693594423606,-0.242472406260946,-0.0869689913906208,-0.559218808420352,-2.84310841488623,-0.0141463200167272,-1.23649076813097,-0.0327890488268295,-0.780269223096685
6.46004357551321,0.0741427718626741,-1.06569094493173,0.00314281060415949,0.533067878406227,-2.45695019956414,-7.20801373819443,-2.8369624562261,0.428069381745947,-0.985683835390794,-1.88159996764523,2.6653178186142,-0.491747029848444
